"pid","age","english","gender","fingers","ts","autocorrect","wordsuggestions","timezone","locale","ptype","education","occupation"
"571d293628d2680011ab9896","31","NA","f","tt","2024-08-11 10:53:13","1","2","Europe/London","en-GB","prolific","3","3"
"57cc61d2f734660001106261","30","NA","m","tt","2024-08-12 14:29:50","1","3","Asia/Jerusalem","en-GB","prolific","3","3"
"5966f6c744b2d20001defeec","43","NA","f","tt","2024-08-11 10:58:37","1","3","Europe/London","en-GB","prolific","4","3"
"5ab15ab4c42b630001cd36fb","42","C1","m","tt","2024-08-11 11:07:37","2","3","Europe/Budapest","it","prolific","2","6"
"5bb2a0148f3bd70001e5633f","50","NN","m","gl","2024-08-11 13:03:38","2","2","Europe/Madrid","es-ES","prolific","3","3"
"5c0ae93ec1a5a60001a560b6","28","B2","m","tt","2024-08-11 10:59:58","1","3","Europe/Rome","it-IT","prolific","1","1"
"5e8a5a892f6f027054a83d88","27","C1","m","tt","2024-08-12 14:31:23","2","2","Europe/Warsaw","pl","prolific","3","3"
"5e8e38da572c650e2ede51c9","50","C2","f","tt","2024-08-11 10:58:37","1","3","Africa/Johannesburg","en-GB","prolific","3","3"
"5f00fa2353b5c10c934298fa","35","NA","f","tt","2024-08-11 10:52:17","1","2","Europe/Paris","fr-FR","prolific","4","3"
"5f3d63a8d956100fd3adf56d","28","C2","m","tt","2024-08-11 10:58:15","1","3","Africa/Johannesburg","en-GB","prolific","2","3"
"601a788b7ab49028cd7a4ad4","51","NA","f","gl","2024-08-11 10:56:42","1","3","Atlantic/Canary","en-GB","prolific","5","2"
"6061ef11da123a1d9e55c6c8","41","NA","m","i","2024-08-12 14:30:32","1","3","Europe/London","en-GB","prolific","4","3"
"60f9739250a5c6f6e4726336","20","C2","f","tt","2024-08-12 14:31:36","2","3","Europe/Warsaw","en-US","prolific","1","3"
"615200d54efc832849db2259","27","B2","m","tt","2024-08-11 10:59:05","1","3","Africa/Johannesburg","en-GB","prolific","3","3"
"615aceb06ae03ef88ac6fd1d","33","C2","f","tt","2024-08-11 11:04:16","1","3","Africa/Johannesburg","en-US","prolific","3","2"
"6160ccb0810a73f90ef4c5e7","27","C1","m","tt","2024-08-11 10:58:02","1","3","Africa/Johannesburg","en-GB","prolific","3","2"
"63d6c8b398b284a355e65870","42","NA","m","tt","2024-08-12 14:29:30","1","3","Europe/London","en-GB","prolific","1","3"
"id4a821edcfa899","19","C2","m","tt","2024-08-07 09:53:27","1","2","Europe/Athens","el-GR","local","1","1"
"id6a1a205a3b13a","20","B2","m","tt","2024-08-11 16:58:36","2","1","Europe/Athens","el-GR","local","1","1"
"id9b42b4c9072cd8","22","B2","f","tt","2024-08-06 20:07:56","1","3","Europe/Athens","el-GR","local","1","1"
"iddb040bef3de6b","20","C2","f","tt","2024-08-12 15:14:58","1","2","Europe/Athens","el-GR","local","1","1"
"iddb3d6b37d1c9a","25","C2","m","tt","2024-08-09 14:10:33","1","3","Europe/Athens","en-US","local","4","6"
