"id","ts","pid","q1","q2","q3","q4","q5","q6","q7","q8","q9","q10","q11","q12","q13","q14","q15","q16","q17","q18","q19","q20","extype","start_time"
"6","2024-08-05 14:07:11.025","id29559f3e7b829","4","4","4","4","4","3","3","2","2","2","3","3","3","2","2","2",NULL,NULL,NULL,NULL,"3","2024-08-05 14:05:42.801"
"7","2024-08-05 14:13:06.998","id29559f3e7b829","4","4","4","4","4","3","4","3","3","4","3","3","3","3","2","2",NULL,NULL,NULL,NULL,"5","2024-08-05 14:11:31.216"
"8","2024-08-05 14:23:25.048","id29559f3e7b829","4","4","5","2","3","1","2","1","1","2","2","2","1","4","3","2",NULL,NULL,NULL,NULL,"2","2024-08-05 14:21:47.698"
"18","2024-08-05 18:12:22.187","id29559f3e7b829","4","4","4","3","4","4","5","4","4","4","4","3","3","3","3","2",NULL,NULL,NULL,NULL,"1","2024-08-05 18:11:08.404"
"20","2024-08-05 18:20:46.961","id29559f3e7b829","4","4","3","4","3","3","4","3","3","3","3","3","3","3","3","2",NULL,NULL,NULL,NULL,"6","2024-08-05 18:19:31.446"
"21","2024-08-05 18:29:07.895","id29559f3e7b829","4","4","4","3","3","2","3","2","2","2","3","3","3","2","3","2",NULL,NULL,NULL,NULL,"4","2024-08-05 18:28:08.678"
"26","2024-08-06 10:28:15.923","ida5c573a6f57a58","4","5","2","4","4","5","5","4","4","5","4","3","4","4","3","2",NULL,NULL,NULL,NULL,"5","2024-08-06 10:26:20.931"
"27","2024-08-06 13:11:46.957","ida5c573a6f57a58","4","5","4","4","4","4","4","4","3","3","4","3","4","4","2","2",NULL,NULL,NULL,NULL,"4","2024-08-06 13:10:11.881"
"34","2024-08-06 16:05:52.555","ida5c573a6f57a58","4","5","4","4","4","4","3","3","3","2","3","3","3","4","3","2",NULL,NULL,NULL,NULL,"6","2024-08-06 16:04:22.825"
"39","2024-08-06 18:44:04.250","idee6df4f18551","5","5","4","4","4","3","2","2","2","2","4","4","4","4","4","2",NULL,NULL,NULL,NULL,"3","2024-08-06 18:39:41.364"
"40","2024-08-06 18:54:17.255","idee6df4f18551","5","5","5","4","4","3","5","4","2","5","4","4","4","3","3","2",NULL,NULL,NULL,NULL,"5","2024-08-06 18:50:41.924"
"41","2024-08-06 19:10:20.908","idee6df4f18551","4","4","4","4","4","3","2","2","2","1","4","4","3","2","4","2",NULL,NULL,NULL,NULL,"6","2024-08-06 19:08:19.318"
"42","2024-08-06 19:19:42.624","idee6df4f18551","5","5","4","4","4","2","2","2","2","2","4","4","4","2","2","2",NULL,NULL,NULL,NULL,"1","2024-08-06 19:16:31.957"
"43","2024-08-06 19:28:57.986","ida5c573a6f57a58","4","4","4","3","4","4","3","3","3","3","3","3","3","3","2","2",NULL,NULL,NULL,NULL,"2","2024-08-06 19:27:08.076"
"44","2024-08-06 19:34:21.003","idee6df4f18551","4","4","4","4","4","3","1","1","1","1","3","4","2","4","4","2",NULL,NULL,NULL,NULL,"4","2024-08-06 19:31:17.621"
"45","2024-08-06 19:34:24.596","ida5c573a6f57a58","5","4","4","3","4","5","5","5","5","5","4","4","4","3","3","2",NULL,NULL,NULL,NULL,"1","2024-08-06 19:33:14.957"
"46","2024-08-06 19:41:07.840","ida5c573a6f57a58","4","4","4","4","4","4","4","4","4","4","4","3","3","3","2","2",NULL,NULL,NULL,NULL,"3","2024-08-06 19:40:13.986"
"47","2024-08-06 19:46:21.888","idee6df4f18551","4","4","4","4","4","2","1","1","1","1","1","3","1","2","4","2",NULL,NULL,NULL,NULL,"2","2024-08-06 19:44:48.036"
"48","2024-08-06 20:18:32.782","idd9bfe69b3b07b","4","4","4","4","4","4","4","4","3","4","4","4","4","4","3","2",NULL,NULL,NULL,NULL,"3","2024-08-06 20:16:55.250"
"49","2024-08-06 20:20:42.626","id9b42b4c9072cd8","3","3","4","4","3","3","3","3","3","2","3","4","4","1","1","2",NULL,NULL,NULL,NULL,"2","2024-08-06 20:18:49.403"
"50","2024-08-06 20:29:50.207","idd9bfe69b3b07b","4","4","4","4","4","4","4","4","4","4","4","4","4","4","4","2",NULL,NULL,NULL,NULL,"6","2024-08-06 20:28:55.666"
"51","2024-08-06 20:31:23.673","id9b42b4c9072cd8","3","3","3","2","2","3","3","3","3","2","2","4","3","2","2","2",NULL,NULL,NULL,NULL,"6","2024-08-06 20:29:29.825"
"52","2024-08-07 10:04:03.114","id4a821edcfa899","4","4","4","3","3","3","4","3","3","4","3","3","3","3","1","2",NULL,NULL,NULL,NULL,"6","2024-08-07 10:02:10.771"
"53","2024-08-07 10:17:24.488","id4a821edcfa899","4","4","4","3","3","3","3","3","3","3","3","3","3","3","3","2",NULL,NULL,NULL,NULL,"3","2024-08-07 10:16:06.576"
"54","2024-08-07 10:25:18.240","id4a821edcfa899","4","4","4","3","3","3","4","3","3","3","3","3","3","3","2","2",NULL,NULL,NULL,NULL,"1","2024-08-07 10:24:23.566"
"55","2024-08-07 10:32:05.961","id4a821edcfa899","4","4","4","3","3","3","4","4","3","4","3","3","3","3","2","2",NULL,NULL,NULL,NULL,"5","2024-08-07 10:31:15.548"
"56","2024-08-07 10:39:14.466","id4a821edcfa899","4","4","4","3","3","3","3","3","3","4","3","3","3","3","2","2",NULL,NULL,NULL,NULL,"2","2024-08-07 10:38:17.015"
"57","2024-08-07 10:46:18.816","id4a821edcfa899","4","4","4","4","3","3","3","3","3","3","3","3","3","3","2","2",NULL,NULL,NULL,NULL,"4","2024-08-07 10:45:29.358"
"66","2024-08-08 15:14:07.788","idd9bfe69b3b07b","4","4","4","4","5","4","4","4","4","4","4","4","4","4","3","2",NULL,NULL,NULL,NULL,"2","2024-08-08 15:13:21.138"
"67","2024-08-08 15:18:39.882","id9b42b4c9072cd8","2","3","3","3","3","3","3","4","4","3","2","2","3","2","2","2",NULL,NULL,NULL,NULL,"1","2024-08-08 15:17:19.363"
"68","2024-08-08 15:21:21.146","idd9bfe69b3b07b","4","4","4","4","4","4","4","4","4","4","4","4","4","4","3","2",NULL,NULL,NULL,NULL,"5","2024-08-08 15:20:42.864"
"69","2024-08-08 15:30:06.365","id9b42b4c9072cd8","2","2","3","2","2","3","3","3","3","3","3","2","2","2","2","2",NULL,NULL,NULL,NULL,"3","2024-08-08 15:28:51.457"
"70","2024-08-08 15:31:34.662","idd9bfe69b3b07b","4","4","4","3","4","4","3","4","4","4","4","4","4","4","3","2",NULL,NULL,NULL,NULL,"4","2024-08-08 15:30:56.141"
"71","2024-08-08 15:38:19.951","idd9bfe69b3b07b","4","4","4","4","4","3","4","5","4","4","4","4","4","4","4","2",NULL,NULL,NULL,NULL,"1","2024-08-08 15:37:46.776"
"72","2024-08-08 15:46:13.799","id9b42b4c9072cd8","2","2","3","3","2","3","3","3","3","3","2","4","2","2","2","2",NULL,NULL,NULL,NULL,"4","2024-08-08 15:44:45.706"
"73","2024-08-08 15:54:46.592","id9b42b4c9072cd8","2","2","2","2","2","3","3","3","3","3","2","4","2","2","2","2",NULL,NULL,NULL,NULL,"5","2024-08-08 15:53:40.484"
"76","2024-08-09 14:20:55.791","iddb3d6b37d1c9a","2","3","3","4","3","2","2","4","3","2","4","3","4","2","1","2",NULL,NULL,NULL,NULL,"3","2024-08-09 14:18:27.814"
"77","2024-08-09 14:27:39.291","iddb3d6b37d1c9a","2","4","3","4","3","3","5","4","4","4","4","3","3","2","1","2",NULL,NULL,NULL,NULL,"5","2024-08-09 14:26:14.328"
"78","2024-08-09 14:37:43.436","iddb3d6b37d1c9a","1","1","1","4","1","3","1","3","2","1","2","2","3","1","1","2",NULL,NULL,NULL,NULL,"4","2024-08-09 14:36:23.074"
"79","2024-08-09 14:47:55.622","iddb3d6b37d1c9a","1","1","1","1","1","2","1","2","1","1","1","1","1","1","1","2",NULL,NULL,NULL,NULL,"6","2024-08-09 14:46:52.227"
"80","2024-08-09 14:56:45.172","iddb3d6b37d1c9a","1","1","1","1","1","1","1","1","1","1","1","1","1","1","1","2",NULL,NULL,NULL,NULL,"2","2024-08-09 14:55:58.539"
"81","2024-08-09 15:02:30.291","iddb3d6b37d1c9a","2","3","3","3","3","4","4","4","4","4","4","4","4","1","1","2",NULL,NULL,NULL,NULL,"1","2024-08-09 15:01:25.072"
"90","2024-08-10 10:53:34.923","id92f5d9c0fc21d","4","4","5","4","5","5","4","4","3","2","4","4","4","3","2","2",NULL,NULL,NULL,NULL,"6","2024-08-10 10:51:29.302"
"100","2024-08-10 15:18:20.007","id92f5d9c0fc21d","5","4","5","3","5","4","2","2","3","2","4","5","3","3","1","2",NULL,NULL,NULL,NULL,"2","2024-08-10 15:16:17.062"
"101","2024-08-10 15:27:56.044","id92f5d9c0fc21d","5","4","5","4","4","4","4","4","4","2","3","4","4","4","4","2",NULL,NULL,NULL,NULL,"4","2024-08-10 15:26:50.794"
"103","2024-08-10 15:38:55.141","id92f5d9c0fc21d","4","4","5","4","5","4","5","4","4","5","4","4","4","4","4","2",NULL,NULL,NULL,NULL,"5","2024-08-10 15:37:35.307"
"104","2024-08-10 15:52:04.434","id92f5d9c0fc21d","5","5","4","5","5","4","2","5","4","2","4","4","4","4","5","2",NULL,NULL,NULL,NULL,"3","2024-08-10 15:51:20.609"
"105","2024-08-10 15:58:31.090","id92f5d9c0fc21d","5","5","5","4","5","4","3","4","4","2","4","4","4","4","2","2",NULL,NULL,NULL,NULL,"1","2024-08-10 15:57:33.107"
"109","2024-08-11 10:57:42.840","5f00fa2353b5c10c934298fa","4","5","4","4","4","3","4","3","3","4","4","4","4","4","3","2",NULL,NULL,NULL,NULL,"1","2024-08-11 10:57:00.230"
"112","2024-08-11 11:03:12.786","5f00fa2353b5c10c934298fa","4","5","4","4","4","4","4","3","3","4","4","4","4","4","3","2",NULL,NULL,NULL,NULL,"5","2024-08-11 11:02:40.865"
"113","2024-08-11 11:03:48.036","601a788b7ab49028cd7a4ad4","5","5","5","3","4","5","5","4","4","4","5","4","4","3","1","2",NULL,NULL,NULL,NULL,"5","2024-08-11 11:02:31.283"
"115","2024-08-11 11:05:33.751","5cf6ad46041d260015e5d794","4","4","4","2","4","4","4","3","3","4","2","2","2","3","2","2",NULL,NULL,NULL,NULL,"2","2024-08-11 11:04:27.363"
"116","2024-08-11 11:05:49.536","5966f6c744b2d20001defeec","4","5","4","4","4","4","4","3","3","5","4","4","4","3","4","2",NULL,NULL,NULL,NULL,"5","2024-08-11 11:04:25.343"
"117","2024-08-11 11:06:07.590","6135336b7ffeb440e6a0f042","5","5","5","4","4","4","4","4","4","4","4","3","4","5","2","2",NULL,NULL,NULL,NULL,"3","2024-08-11 11:05:04.776"
"118","2024-08-11 11:06:31.877","6472025f5e1c922497375ce2","5","5","4","3","4","4","4","4","4","4","3","3","3","3","1","2",NULL,NULL,NULL,NULL,"3","2024-08-11 11:05:03.807"
"119","2024-08-11 11:06:35.753","571d293628d2680011ab9896","4","5","2","4","4","4","4","2","2","4","4","4","4","2","3","2",NULL,NULL,NULL,NULL,"4","2024-08-11 11:04:18.669"
"120","2024-08-11 11:07:23.905","5f3d63a8d956100fd3adf56d","5","5","4","4","3","4","4","3","2","3","4","4","4","3","1","2",NULL,NULL,NULL,NULL,"3","2024-08-11 11:05:48.698"
"121","2024-08-11 11:07:40.099","5d553414092f860001ceb313","4","4","4","4","4","4","3","4","4","3","4","4","4","4","2","2",NULL,NULL,NULL,NULL,"3","2024-08-11 11:06:28.360"
"122","2024-08-11 11:09:16.303","601a788b7ab49028cd7a4ad4","5","5","5","3","4","5","5","5","4","5","5","4","5","3","1","2",NULL,NULL,NULL,NULL,"1","2024-08-11 11:08:31.631"
"123","2024-08-11 11:09:34.660","611d0e8e242d979c62655c57","5","5","5","5","4","5","5","5","4","5","5","5","5","5","3","2",NULL,NULL,NULL,NULL,"1","2024-08-11 11:07:40.998"
"124","2024-08-11 11:09:46.140","6140ce4dda5b2dbaa1140038","5","5","4","5","5","4","5","5","5","2","4","5","5","1","2","2",NULL,NULL,NULL,NULL,"4","2024-08-11 11:07:50.546"
"125","2024-08-11 11:10:44.369","5cf6ad46041d260015e5d794","4","4","4","4","4","4","4","5","5","5","4","2","3","3","2","2",NULL,NULL,NULL,NULL,"5","2024-08-11 11:09:50.902"
"127","2024-08-11 11:11:21.238","5f4e13a9c6a7d0ae613da383","4","5","4","5","4","5","4","4","4","5","2","3","2","2","1","2",NULL,NULL,NULL,NULL,"1","2024-08-11 11:09:30.758"
"128","2024-08-11 11:11:53.152","615200d54efc832849db2259","5","5","4","5","5","4","4","4","4","5","5","4","5","4","3","2",NULL,NULL,NULL,NULL,"1","2024-08-11 11:09:35.686"
"129","2024-08-11 11:11:53.455","5c0ae93ec1a5a60001a560b6","5","5","5","4","4","4","4","4","4","5","3","3","3","3","4","2",NULL,NULL,NULL,NULL,"6","2024-08-11 11:10:36.991"
"131","2024-08-11 11:13:00.089","5966f6c744b2d20001defeec","5","5","5","4","4","3","2","2","1","2","3","3","3","2","2","2",NULL,NULL,NULL,NULL,"2","2024-08-11 11:12:12.551"
"132","2024-08-11 11:13:09.145","6095b18d2259069adefeb80a","5","5","5","5","5","4","4","4","4","4","4","4","4","3","3","2",NULL,NULL,NULL,NULL,"2","2024-08-11 11:10:56.579"
"133","2024-08-11 11:13:13.875","5f00fa2353b5c10c934298fa","4","5","4","4","4","3","3","2","2","2","4","4","3","4","4","2",NULL,NULL,NULL,NULL,"6","2024-08-11 11:12:40.706"
"136","2024-08-11 11:14:44.635","5cf6ad46041d260015e5d794","4","5","4","4","4","4","4","4","3","4","3","2","3","4","1","2",NULL,NULL,NULL,NULL,"1","2024-08-11 11:13:58.271"
"137","2024-08-11 11:14:49.763","615aceb06ae03ef88ac6fd1d","4","5","4","4","5","2","3","3","3","2","4","4","4","2","1","2",NULL,NULL,NULL,NULL,"3","2024-08-11 11:12:12.428"
"138","2024-08-11 11:16:04.761","5e8e38da572c650e2ede51c9","4","4","2","4","5","5","5","4","3","4","5","3","5","4","1","2",NULL,NULL,NULL,NULL,"3","2024-08-11 11:13:40.303"
"139","2024-08-11 11:16:26.088","6160ccb0810a73f90ef4c5e7","4","5","4","5","4","5","4","4","4","4","5","5","4","4","3","2",NULL,NULL,NULL,NULL,"6","2024-08-11 11:12:56.239"
"140","2024-08-11 11:16:37.643","6135336b7ffeb440e6a0f042","5","4","4","4","4","2","3","1","1","3","2","2","2","2","2","2",NULL,NULL,NULL,NULL,"2","2024-08-11 11:15:37.020"
"141","2024-08-11 11:16:46.522","6472025f5e1c922497375ce2","5","5","4","4","3","4","4","2","2","4","2","2","2","3","1","2",NULL,NULL,NULL,NULL,"2","2024-08-11 11:15:02.114"
"143","2024-08-11 11:17:25.855","5f3d63a8d956100fd3adf56d","4","5","4","4","4","4","4","3","2","3","4","4","4","4","1","2",NULL,NULL,NULL,NULL,"2","2024-08-11 11:16:19.206"
"144","2024-08-11 11:17:31.690","5d553414092f860001ceb313","4","4","3","3","4","2","2","2","2","2","3","4","3","4","2","2",NULL,NULL,NULL,NULL,"2","2024-08-11 11:15:48.195"
"145","2024-08-11 11:17:41.474","5ab15ab4c42b630001cd36fb","4","4","4","4","4","4","4","4","4","4","3","2","2","3","2","2",NULL,NULL,NULL,NULL,"5","2024-08-11 11:15:38.585"
"146","2024-08-11 11:17:54.823","611d0e8e242d979c62655c57","5","5","5","5","5","5","5","5","4","4","5","5","5","5","3","2",NULL,NULL,NULL,NULL,"5","2024-08-11 11:16:28.457"
"147","2024-08-11 11:18:14.330","5f4e13a9c6a7d0ae613da383","5","4","4","2","4","4","1","1","1","1","2","3","2","3","1","2",NULL,NULL,NULL,NULL,"3","2024-08-11 11:17:13.290"
"148","2024-08-11 11:18:49.114","6140ce4dda5b2dbaa1140038","5","5","5","5","5","5","4","5","4","2","4","5","4","4","2","2",NULL,NULL,NULL,NULL,"1","2024-08-11 11:17:31.317"
"149","2024-08-11 11:19:20.566","601a788b7ab49028cd7a4ad4","5","5","5","4","4","5","4","3","2","4","3","2","2","2","2","2",NULL,NULL,NULL,NULL,"6","2024-08-11 11:17:51.865"
"151","2024-08-11 11:20:05.824","571d293628d2680011ab9896","4","4","3","4","4","4","4","4","4","4","4","4","4","3","2","2",NULL,NULL,NULL,NULL,"3","2024-08-11 11:18:26.007"
"152","2024-08-11 11:20:22.492","5c0ae93ec1a5a60001a560b6","5","5","5","5","4","4","3","4","4","2","4","2","3","3","4","2",NULL,NULL,NULL,NULL,"3","2024-08-11 11:18:42.793"
"153","2024-08-11 11:20:36.691","5966f6c744b2d20001defeec","4","5","4","4","4","4","4","4","4","4","4","4","4","4","4","2",NULL,NULL,NULL,NULL,"6","2024-08-11 11:19:53.753"
"154","2024-08-11 11:20:41.506","5f00fa2353b5c10c934298fa","5","5","4","4","4","4","4","3","3","4","4","3","4","4","3","2",NULL,NULL,NULL,NULL,"2","2024-08-11 11:19:56.461"
"155","2024-08-11 11:20:54.948","5cf6ad46041d260015e5d794","4","4","4","4","4","4","4","4","2","2","3","3","2","2","1","2",NULL,NULL,NULL,NULL,"4","2024-08-11 11:20:14.839"
"156","2024-08-11 11:21:10.408","615200d54efc832849db2259","5","5","5","5","5","5","4","4","4","4","5","4","5","5","3","2",NULL,NULL,NULL,NULL,"5","2024-08-11 11:19:49.106"
"158","2024-08-11 11:22:10.267","6095b18d2259069adefeb80a","5","5","5","5","5","5","5","5","5","5","5","5","5","4","4","2",NULL,NULL,NULL,NULL,"3","2024-08-11 11:20:46.334"
"160","2024-08-11 11:22:41.624","5f3d63a8d956100fd3adf56d","5","5","4","4","4","4","4","3","2","4","4","4","4","4","1","2",NULL,NULL,NULL,NULL,"1","2024-08-11 11:21:40.987"
"161","2024-08-11 11:22:47.330","5f4e13a9c6a7d0ae613da383","4","4","4","4","4","5","4","4","3","4","3","3","3","3","1","2",NULL,NULL,NULL,NULL,"5","2024-08-11 11:21:54.923"
"162","2024-08-11 11:23:10.148","6112e38f811a9d11384fd173","5","5","5","4","4","5","4","5","4","4","4","4","4","5","4","2",NULL,NULL,NULL,NULL,"2","2024-08-11 11:19:34.617"
"164","2024-08-11 11:25:41.139","6135336b7ffeb440e6a0f042","4","4","4","4","4","4","4","4","4","2","3","3","3","3","3","2",NULL,NULL,NULL,NULL,"4","2024-08-11 11:24:41.334"
"165","2024-08-11 11:26:09.635","5cf6ad46041d260015e5d794","4","4","4","4","4","4","4","4","4","2","3","2","2","3","1","2",NULL,NULL,NULL,NULL,"3","2024-08-11 11:25:31.498"
"166","2024-08-11 11:26:26.158","5966f6c744b2d20001defeec","4","5","4","4","4","4","4","4","4","3","4","4","4","4","3","2",NULL,NULL,NULL,NULL,"3","2024-08-11 11:25:37.613"
"167","2024-08-11 11:26:46.341","5d553414092f860001ceb313","4","4","3","3","4","2","2","2","2","2","3","3","3","3","2","2",NULL,NULL,NULL,NULL,"4","2024-08-11 11:25:53.341"
"168","2024-08-11 11:26:54.480","601a788b7ab49028cd7a4ad4","5","5","5","4","4","5","4","4","4","5","4","4","3","3","2","2",NULL,NULL,NULL,NULL,"2","2024-08-11 11:26:00.645"
"169","2024-08-11 11:26:54.742","6472025f5e1c922497375ce2","5","5","4","3","3","4","4","4","2","2","2","2","2","3","1","2",NULL,NULL,NULL,NULL,"4","2024-08-11 11:25:43.450"
"170","2024-08-11 11:27:03.934","571d293628d2680011ab9896","5","5","4","4","4","4","4","4","4","5","4","3","4","3","3","2",NULL,NULL,NULL,NULL,"1","2024-08-11 11:26:11.598"
"171","2024-08-11 11:27:13.845","615aceb06ae03ef88ac6fd1d","4","4","4","4","4","3","2","3","3","2","4","2","4","4","2","2",NULL,NULL,NULL,NULL,"4","2024-08-11 11:25:14.625"
"172","2024-08-11 11:27:56.129","5f3d63a8d956100fd3adf56d","5","5","4","4","4","4","4","4","3","4","4","4","4","4","1","2",NULL,NULL,NULL,NULL,"5","2024-08-11 11:27:09.425"
"173","2024-08-11 11:28:18.907","6140ce4dda5b2dbaa1140038","4","5","4","4","4","4","4","4","4","4","5","4","5","5","4","2",NULL,NULL,NULL,NULL,"5","2024-08-11 11:27:20.440"
"174","2024-08-11 11:29:31.071","611d0e8e242d979c62655c57","5","5","5","5","5","5","5","5","5","5","5","5","5","4","4","2",NULL,NULL,NULL,NULL,"6","2024-08-11 11:28:29.654"
"175","2024-08-11 11:29:38.773","5c0ae93ec1a5a60001a560b6","5","5","5","5","4","4","4","4","3","2","3","3","3","2","2","2",NULL,NULL,NULL,NULL,"4","2024-08-11 11:28:44.557"
"176","2024-08-11 11:29:39.232","6160ccb0810a73f90ef4c5e7","5","5","4","5","5","5","2","3","4","2","4","5","5","4","2","2",NULL,NULL,NULL,NULL,"4","2024-08-11 11:27:37.173"
"178","2024-08-11 11:30:06.971","5f00fa2353b5c10c934298fa","5","5","4","4","4","3","2","2","2","2","4","4","4","4","2","2",NULL,NULL,NULL,NULL,"4","2024-08-11 11:29:35.617"
"181","2024-08-11 11:30:36.839","5f4e13a9c6a7d0ae613da383","4","4","4","3","4","2","1","1","1","1","2","1","1","2","1","2",NULL,NULL,NULL,NULL,"4","2024-08-11 11:29:46.975"
"183","2024-08-11 11:32:24.618","6095b18d2259069adefeb80a","5","5","5","4","5","4","4","3","3","4","4","4","4","3","3","2",NULL,NULL,NULL,NULL,"6","2024-08-11 11:30:36.543"
"184","2024-08-11 11:32:48.653","5cf6ad46041d260015e5d794","4","4","4","4","4","4","4","3","3","2","2","3","3","4","1","2",NULL,NULL,NULL,NULL,"6","2024-08-11 11:32:04.581"
"185","2024-08-11 11:33:10.053","5ab15ab4c42b630001cd36fb","4","4","4","4","4","4","4","4","4","4","2","2","2","2","2","2",NULL,NULL,NULL,NULL,"6","2024-08-11 11:31:51.329"
"186","2024-08-11 11:33:36.290","6472025f5e1c922497375ce2","5","5","4","4","4","4","5","4","4","5","4","4","4","3","1","2",NULL,NULL,NULL,NULL,"5","2024-08-11 11:32:41.178"
"187","2024-08-11 11:34:02.371","5e8e38da572c650e2ede51c9","5","5","2","4","4","4","5","3","3","4","4","4","4","3","1","2",NULL,NULL,NULL,NULL,"2","2024-08-11 11:31:59.776"
"188","2024-08-11 11:34:44.367","5966f6c744b2d20001defeec","5","5","4","5","4","4","4","3","2","2","4","4","4","3","4","2",NULL,NULL,NULL,NULL,"4","2024-08-11 11:34:13.620"
"189","2024-08-11 11:34:44.589","6135336b7ffeb440e6a0f042","4","4","4","4","4","4","4","4","5","4","4","4","4","3","2","2",NULL,NULL,NULL,NULL,"6","2024-08-11 11:33:58.550"
"190","2024-08-11 11:34:54.294","615aceb06ae03ef88ac6fd1d","5","5","5","5","5","4","4","4","4","4","5","4","4","3","2","2",NULL,NULL,NULL,NULL,"1","2024-08-11 11:33:26.861"
"191","2024-08-11 11:34:57.408","5c0ae93ec1a5a60001a560b6","5","5","5","5","4","5","5","5","5","5","4","4","4","4","4","2",NULL,NULL,NULL,NULL,"5","2024-08-11 11:34:14.957"
"193","2024-08-11 11:35:52.658","601a788b7ab49028cd7a4ad4","5","5","5","4","4","5","4","4","4","5","4","3","4","3","2","2",NULL,NULL,NULL,NULL,"4","2024-08-11 11:35:02.836"
"194","2024-08-11 11:36:08.899","615200d54efc832849db2259","4","4","4","4","4","4","5","4","4","4","4","4","4","4","5","2",NULL,NULL,NULL,NULL,"4","2024-08-11 11:35:10.403"
"195","2024-08-11 11:36:35.364","5d553414092f860001ceb313","4","4","4","3","3","4","4","3","3","3","3","2","2","2","2","2",NULL,NULL,NULL,NULL,"6","2024-08-11 11:35:43.899"
"196","2024-08-11 11:36:35.875","5f00fa2353b5c10c934298fa","5","5","4","4","4","2","2","2","2","2","4","4","4","4","2","2",NULL,NULL,NULL,NULL,"3","2024-08-11 11:35:37.157"
"198","2024-08-11 11:37:02.107","6160ccb0810a73f90ef4c5e7","5","5","5","5","5","5","5","5","5","5","5","5","5","5","5","2",NULL,NULL,NULL,NULL,"1","2024-08-11 11:35:24.989"
"200","2024-08-11 11:37:15.176","5f4e13a9c6a7d0ae613da383","4","4","4","4","4","4","4","3","3","4","4","3","4","4","1","2",NULL,NULL,NULL,NULL,"2","2024-08-11 11:36:27.532"
"201","2024-08-11 11:37:48.777","5f3d63a8d956100fd3adf56d","5","5","4","4","4","4","4","3","3","4","3","3","3","4","2","2",NULL,NULL,NULL,NULL,"6","2024-08-11 11:36:55.896"
"202","2024-08-11 11:38:49.936","5966f6c744b2d20001defeec","5","5","4","4","4","4","5","4","5","5","5","4","5","4","4","2",NULL,NULL,NULL,NULL,"1","2024-08-11 11:38:12.727"
"203","2024-08-11 11:38:58.294","571d293628d2680011ab9896","5","5","4","4","4","4","3","2","3","3","4","4","4","3","3","2",NULL,NULL,NULL,NULL,"2","2024-08-11 11:38:04.794"
"204","2024-08-11 11:39:11.540","6095b18d2259069adefeb80a","5","5","5","5","5","5","5","5","5","5","5","5","5","5","5","2",NULL,NULL,NULL,NULL,"1","2024-08-11 11:37:48.737"
"206","2024-08-11 11:39:42.645","6135336b7ffeb440e6a0f042","5","5","5","4","4","5","5","5","5","5","5","5","5","5","4","2",NULL,NULL,NULL,NULL,"5","2024-08-11 11:38:58.279"
"207","2024-08-11 11:40:32.801","611d0e8e242d979c62655c57","4","5","5","5","5","4","5","5","4","3","4","5","4","5","4","2",NULL,NULL,NULL,NULL,"4","2024-08-11 11:39:19.994"
"209","2024-08-11 11:41:54.797","5d553414092f860001ceb313","4","4","4","4","4","4","4","4","4","4","4","4","3","4","2","2",NULL,NULL,NULL,NULL,"1","2024-08-11 11:41:16.594"
"210","2024-08-11 11:42:19.373","601a788b7ab49028cd7a4ad4","5","5","5","4","4","5","5","5","5","3","5","5","5","4","2","2",NULL,NULL,NULL,NULL,"3","2024-08-11 11:41:34.174"
"212","2024-08-11 11:43:17.604","6472025f5e1c922497375ce2","5","5","4","3","3","4","4","2","2","4","2","2","2","3","1","2",NULL,NULL,NULL,NULL,"6","2024-08-11 11:42:28.570"
"213","2024-08-11 11:44:26.349","5c0ae93ec1a5a60001a560b6","5","5","4","2","3","4","4","1","2","4","2","1","2","3","2","2",NULL,NULL,NULL,NULL,"2","2024-08-11 11:43:29.797"
"214","2024-08-11 11:44:30.407","5e8e38da572c650e2ede51c9","5","5","3","4","4","4","5","3","4","4","4","4","4","3","1","2",NULL,NULL,NULL,NULL,"1","2024-08-11 11:43:03.527"
"215","2024-08-11 11:44:40.527","5f4e13a9c6a7d0ae613da383","4","4","5","4","4","4","4","3","2","3","4","4","4","3","1","2",NULL,NULL,NULL,NULL,"6","2024-08-11 11:43:59.602"
"216","2024-08-11 11:44:52.048","6135336b7ffeb440e6a0f042","4","4","4","4","4","4","4","4","4","4","4","3","4","3","3","2",NULL,NULL,NULL,NULL,"1","2024-08-11 11:44:01.299"
"217","2024-08-11 11:44:58.859","6140ce4dda5b2dbaa1140038","5","5","5","4","5","4","2","5","2","3","2","2","2","1","1","2",NULL,NULL,NULL,NULL,"6","2024-08-11 11:43:49.783"
"218","2024-08-11 11:45:32.095","5f3d63a8d956100fd3adf56d","5","5","4","4","4","4","4","3","2","4","4","4","4","4","1","2",NULL,NULL,NULL,NULL,"4","2024-08-11 11:44:48.834"
"219","2024-08-11 11:45:35.221","6112e38f811a9d11384fd173","5","5","5","4","5","4","4","4","4","2","4","4","4","4","4","2",NULL,NULL,NULL,NULL,"4","2024-08-11 11:41:53.776"
"220","2024-08-11 11:45:57.045","615aceb06ae03ef88ac6fd1d","4","4","4","4","4","4","2","3","3","3","2","2","2","2","4","2",NULL,NULL,NULL,NULL,"2","2024-08-11 11:44:12.542"
"221","2024-08-11 11:46:28.513","6095b18d2259069adefeb80a","5","5","4","5","4","5","4","4","3","5","4","4","4","4","4","2",NULL,NULL,NULL,NULL,"5","2024-08-11 11:44:28.552"
"222","2024-08-11 11:46:54.427","6160ccb0810a73f90ef4c5e7","4","5","5","5","4","5","2","3","2","2","4","4","4","4","3","2",NULL,NULL,NULL,NULL,"3","2024-08-11 11:45:11.409"
"223","2024-08-11 11:47:02.602","5d553414092f860001ceb313","4","4","4","4","4","4","4","4","4","4","4","4","4","4","2","2",NULL,NULL,NULL,NULL,"5","2024-08-11 11:46:20.878"
"225","2024-08-11 11:48:17.793","5ab15ab4c42b630001cd36fb","4","4","4","4","4","4","2","3","3","2","2","2","2","2","2","2",NULL,NULL,NULL,NULL,"4","2024-08-11 11:46:53.340"
"226","2024-08-11 11:48:21.986","571d293628d2680011ab9896","5","5","4","4","4","5","4","3","3","4","4","4","4","3","4","2",NULL,NULL,NULL,NULL,"6","2024-08-11 11:47:41.317"
"228","2024-08-11 11:49:32.922","5c0ae93ec1a5a60001a560b6","5","5","5","4","4","4","4","4","4","4","4","4","4","3","4","2",NULL,NULL,NULL,NULL,"1","2024-08-11 11:48:55.367"
"229","2024-08-11 11:49:54.897","6472025f5e1c922497375ce2","5","5","4","4","4","4","4","4","4","5","4","4","4","3","1","2",NULL,NULL,NULL,NULL,"1","2024-08-11 11:49:03.358"
"230","2024-08-11 11:51:05.492","615200d54efc832849db2259","5","4","4","5","4","4","4","4","4","4","4","4","4","4","4","2",NULL,NULL,NULL,NULL,"6","2024-08-11 11:50:21.550"
"231","2024-08-11 11:52:00.611","611d0e8e242d979c62655c57","5","5","5","4","4","5","5","4","5","4","4","5","4","4","5","2",NULL,NULL,NULL,NULL,"2","2024-08-11 11:50:58.143"
"232","2024-08-11 11:52:56.797","6140ce4dda5b2dbaa1140038","5","5","5","4","5","4","5","5","4","4","4","4","4","2","4","2",NULL,NULL,NULL,NULL,"3","2024-08-11 11:52:05.643"
"233","2024-08-11 11:54:19.986","571d293628d2680011ab9896","5","5","5","4","4","4","4","4","4","4","4","4","4","4","3","2",NULL,NULL,NULL,NULL,"5","2024-08-11 11:53:28.989"
"234","2024-08-11 11:57:09.083","6095b18d2259069adefeb80a","5","5","4","4","4","4","4","3","3","4","4","4","4","4","3","2",NULL,NULL,NULL,NULL,"4","2024-08-11 11:54:07.764"
"235","2024-08-11 11:57:32.500","615aceb06ae03ef88ac6fd1d","4","4","4","4","4","5","4","4","4","4","3","4","3","3","2","2",NULL,NULL,NULL,NULL,"6","2024-08-11 11:56:16.386"
"236","2024-08-11 11:57:57.088","6160ccb0810a73f90ef4c5e7","5","4","4","5","5","5","2","3","4","2","4","5","4","4","3","2",NULL,NULL,NULL,NULL,"2","2024-08-11 11:56:21.417"
"237","2024-08-11 11:58:36.644","5e8e38da572c650e2ede51c9","5","4","2","3","4","4","4","4","3","4","4","3","3","3","1","2",NULL,NULL,NULL,NULL,"4","2024-08-11 11:57:17.518"
"238","2024-08-11 11:58:56.525","5ab15ab4c42b630001cd36fb","4","4","4","4","4","4","4","4","4","4","2","2","2","2","2","2",NULL,NULL,NULL,NULL,"2","2024-08-11 11:57:47.562"
"239","2024-08-11 11:59:28.170","615200d54efc832849db2259","5","4","4","4","4","5","4","4","4","4","5","5","5","5","4","2",NULL,NULL,NULL,NULL,"3","2024-08-11 11:58:57.564"
"240","2024-08-11 12:00:26.983","611d0e8e242d979c62655c57","5","5","4","5","4","4","4","5","5","2","4","4","4","4","4","2",NULL,NULL,NULL,NULL,"3","2024-08-11 11:59:15.987"
"241","2024-08-11 12:01:48.811","6140ce4dda5b2dbaa1140038","5","4","5","4","4","5","4","4","4","4","4","4","4","4","5","2",NULL,NULL,NULL,NULL,"2","2024-08-11 12:01:16.589"
"242","2024-08-11 12:04:35.928","6160ccb0810a73f90ef4c5e7","5","5","5","5","5","5","5","5","4","4","5","5","5","4","4","2",NULL,NULL,NULL,NULL,"5","2024-08-11 12:03:27.002"
"243","2024-08-11 12:04:42.524","615aceb06ae03ef88ac6fd1d","5","5","5","4","5","5","5","5","5","4","5","4","5","4","2","2",NULL,NULL,NULL,NULL,"5","2024-08-11 12:03:20.459"
"244","2024-08-11 12:07:46.119","5e8e38da572c650e2ede51c9","4","4","2","3","4","4","4","3","3","4","4","3","4","3","1","2",NULL,NULL,NULL,NULL,"5","2024-08-11 12:06:20.539"
"245","2024-08-11 12:09:40.466","5ab15ab4c42b630001cd36fb","4","4","4","4","4","4","4","4","4","4","2","2","2","2","2","2",NULL,NULL,NULL,NULL,"3","2024-08-11 12:08:42.176"
"246","2024-08-11 12:09:48.829","615200d54efc832849db2259","4","5","5","5","5","4","4","5","5","4","4","4","4","4","4","2",NULL,NULL,NULL,NULL,"2","2024-08-11 12:09:15.472"
"247","2024-08-11 12:17:24.853","5ab15ab4c42b630001cd36fb","4","4","4","4","4","4","4","4","4","4","2","2","2","2","2","2",NULL,NULL,NULL,NULL,"1","2024-08-11 12:16:30.583"
"248","2024-08-11 12:20:35.167","6112e38f811a9d11384fd173","4","5","5","4","5","4","3","4","4","2","5","4","4","4","4","2",NULL,NULL,NULL,NULL,"3","2024-08-11 12:16:47.030"
"249","2024-08-11 12:22:47.700","5e8e38da572c650e2ede51c9","4","5","3","3","4","4","4","3","3","3","4","4","4","3","1","2",NULL,NULL,NULL,NULL,"6","2024-08-11 12:21:28.777"
"250","2024-08-11 12:35:59.638","6112e38f811a9d11384fd173","5","5","5","5","4","4","2","4","5","2","4","5","4","4","4","2",NULL,NULL,NULL,NULL,"6","2024-08-11 12:33:06.764"
"251","2024-08-11 12:48:25.369","6112e38f811a9d11384fd173","5","5","5","4","5","5","3","5","5","3","5","5","4","4","4","2",NULL,NULL,NULL,NULL,"5","2024-08-11 12:45:26.194"
"252","2024-08-11 12:58:38.319","6112e38f811a9d11384fd173","5","5","5","5","5","4","5","5","4","5","4","5","5","4","4","2",NULL,NULL,NULL,NULL,"1","2024-08-11 12:56:39.772"
"253","2024-08-11 13:15:59.855","5bf2e3ee6d4c3e00014420d6","5","5","5","4","4","5","5","5","2","4","4","4","4","4","3","2",NULL,NULL,NULL,NULL,"6","2024-08-11 13:13:47.854"
"254","2024-08-11 13:17:37.566","5bb2a0148f3bd70001e5633f","5","5","5","5","5","5","5","5","3","5","5","5","5","5","1","2",NULL,NULL,NULL,NULL,"6","2024-08-11 13:16:01.361"
"255","2024-08-11 13:26:49.444","5bf2e3ee6d4c3e00014420d6","5","5","4","5","5","4","4","4","2","3","4","4","4","4","4","2",NULL,NULL,NULL,NULL,"4","2024-08-11 13:25:31.943"
"256","2024-08-11 13:29:28.456","5bb2a0148f3bd70001e5633f","5","5","5","5","5","5","5","4","4","5","5","4","5","5","1","2",NULL,NULL,NULL,NULL,"1","2024-08-11 13:27:33.611"
"257","2024-08-11 13:35:14.992","5bf2e3ee6d4c3e00014420d6","5","5","5","5","5","5","4","4","4","4","4","4","4","4","4","2",NULL,NULL,NULL,NULL,"2","2024-08-11 13:34:05.665"
"258","2024-08-11 13:41:18.455","5bf2e3ee6d4c3e00014420d6","5","5","5","4","4","4","4","4","4","4","4","4","4","4","4","2",NULL,NULL,NULL,NULL,"5","2024-08-11 13:40:28.837"
"259","2024-08-11 13:49:13.591","5bf2e3ee6d4c3e00014420d6","5","5","5","4","5","3","4","2","2","1","4","4","4","4","4","2",NULL,NULL,NULL,NULL,"3","2024-08-11 13:48:20.964"
"260","2024-08-11 13:49:30.386","5bb2a0148f3bd70001e5633f","5","5","5","5","5","5","5","4","5","4","5","5","5","5","1","2",NULL,NULL,NULL,NULL,"4","2024-08-11 13:47:28.634"
"261","2024-08-11 13:54:15.071","5bf2e3ee6d4c3e00014420d6","5","5","5","4","5","5","5","5","5","4","4","4","4","4","4","2",NULL,NULL,NULL,NULL,"1","2024-08-11 13:53:22.689"
"262","2024-08-11 14:01:56.656","5bb2a0148f3bd70001e5633f","5","5","5","5","4","5","5","4","4","4","4","4","4","5","1","2",NULL,NULL,NULL,NULL,"3","2024-08-11 13:59:56.166"
"263","2024-08-11 14:17:30.909","5bb2a0148f3bd70001e5633f","5","5","5","5","5","5","4","5","4","5","4","4","4","4","1","2",NULL,NULL,NULL,NULL,"2","2024-08-11 14:16:23.820"
"264","2024-08-11 14:24:08.333","5bb2a0148f3bd70001e5633f","5","5","5","5","5","5","5","4","4","4","5","5","5","5","1","2",NULL,NULL,NULL,NULL,"5","2024-08-11 14:23:05.641"
"265","2024-08-11 17:09:01.507","id6a1a205a3b13a","5","5","4","4","4","2","4","2","4","1","3","2","3","3","2","2",NULL,NULL,NULL,NULL,"4","2024-08-11 17:07:12.549"
"266","2024-08-11 17:14:08.195","id6a1a205a3b13a","5","5","3","5","4","2","1","2","2","2","4","4","4","3","2","2",NULL,NULL,NULL,NULL,"1","2024-08-11 17:12:47.816"
"267","2024-08-11 17:19:24.082","id6a1a205a3b13a","5","5","4","4","4","2","4","4","4","5","4","4","5","3","2","2",NULL,NULL,NULL,NULL,"5","2024-08-11 17:18:09.077"
"268","2024-08-11 17:29:44.525","id6a1a205a3b13a","5","5","4","3","4","2","1","1","2","2","4","3","5","3","1","2",NULL,NULL,NULL,NULL,"3","2024-08-11 17:28:16.224"
"271","2024-08-11 17:36:56.535","id6a1a205a3b13a","5","5","4","4","5","4","2","2","2","4","4","4","4","4","1","2",NULL,NULL,NULL,NULL,"2","2024-08-11 17:35:38.928"
"272","2024-08-11 17:44:56.152","id6a1a205a3b13a","5","5","3","3","4","2","4","2","1","2","4","4","4","3","1","2",NULL,NULL,NULL,NULL,"6","2024-08-11 17:43:59.335"
"279","2024-08-12 14:35:53.329","63d6c8b398b284a355e65870","5","5","4","5","3","5","5","5","4","4","4","3","3","2","1","2",NULL,NULL,NULL,NULL,"1","2024-08-12 14:34:31.269"
"280","2024-08-12 14:36:30.865","60bf28df4926a8b6391df575","5","5","5","4","4","4","4","4","3","5","4","4","4","4","2","2",NULL,NULL,NULL,NULL,"2","2024-08-12 14:35:19.903"
"281","2024-08-12 14:36:31.500","57cc61d2f734660001106261","5","5","4","4","4","5","5","5","4","5","4","3","3","4","1","2",NULL,NULL,NULL,NULL,"1","2024-08-12 14:34:30.766"
"283","2024-08-12 14:37:39.111","6061ef11da123a1d9e55c6c8","5","5","4","4","4","3","4","3","2","4","4","4","4","3","2","2",NULL,NULL,NULL,NULL,"1","2024-08-12 14:36:28.720"
"284","2024-08-12 14:37:47.799","5d94ce7b72b4550016906484","5","5","4","4","4","3","4","4","3","4","4","2","3","2","1","2",NULL,NULL,NULL,NULL,"5","2024-08-12 14:37:03.663"
"285","2024-08-12 14:38:20.267","60fa6f5d0c4ef9c26538f610","4","5","5","4","4","5","4","3","3","2","4","3","3","2","2","2",NULL,NULL,NULL,NULL,"4","2024-08-12 14:36:44.398"
"286","2024-08-12 14:40:09.565","5e8a5a892f6f027054a83d88","4","4","4","3","4","4","5","4","4","4","3","3","3","3","2","2",NULL,NULL,NULL,NULL,"1","2024-08-12 14:38:48.213"
"287","2024-08-12 14:40:22.720","61717173748006894b2b54ff","5","5","4","4","4","5","3","4","3","4","4","4","4","4","2","2",NULL,NULL,NULL,NULL,"5","2024-08-12 14:38:48.748"
"290","2024-08-12 14:41:08.897","5e7fa0e918b10804bb87eb63","5","5","5","5","5","4","4","4","3","2","4","4","3","5","2","2",NULL,NULL,NULL,NULL,"3","2024-08-12 14:38:59.058"
"291","2024-08-12 14:42:28.069","60bf28df4926a8b6391df575","5","5","5","4","4","4","4","4","4","3","4","5","4","5","2","2",NULL,NULL,NULL,NULL,"3","2024-08-12 14:41:36.817"
"292","2024-08-12 14:42:36.704","60a0b744298c64d46b63e893","5","5","5","4","5","5","5","5","5","4","5","5","5","4","1","2",NULL,NULL,NULL,NULL,"6","2024-08-12 14:40:57.063"
"293","2024-08-12 14:42:42.479","60f9739250a5c6f6e4726336","5","5","5","4","4","4","4","4","3","4","4","4","3","3","1","2",NULL,NULL,NULL,NULL,"4","2024-08-12 14:41:26.210"
"294","2024-08-12 14:42:48.322","57cc61d2f734660001106261","5","4","3","3","3","2","2","1","1","4","2","2","3","2","4","2",NULL,NULL,NULL,NULL,"2","2024-08-12 14:40:52.030"
"295","2024-08-12 14:43:41.109","60fa6f5d0c4ef9c26538f610","4","4","4","4","4","4","4","4","4","3","4","3","3","2","2","2",NULL,NULL,NULL,NULL,"1","2024-08-12 14:41:59.255"
"296","2024-08-12 14:43:42.080","63d6c8b398b284a355e65870","5","5","3","2","2","3","2","1","1","3","2","2","1","1","3","2",NULL,NULL,NULL,NULL,"2","2024-08-12 14:42:37.399"
"297","2024-08-12 14:44:48.243","5d40a12f4994c40001e4b80c","5","5","5","4","5","5","4","4","3","4","5","5","4","5","3","2",NULL,NULL,NULL,NULL,"2","2024-08-12 14:41:52.867"
"298","2024-08-12 14:45:42.091","5d94ce7b72b4550016906484","5","5","4","3","4","4","4","4","4","4","3","2","3","2","1","2",NULL,NULL,NULL,NULL,"6","2024-08-12 14:44:31.155"
"300","2024-08-12 14:46:45.181","6061ef11da123a1d9e55c6c8","4","4","4","4","4","4","3","4","4","4","3","2","2","3","2","2",NULL,NULL,NULL,NULL,"2","2024-08-12 14:46:02.934"
"305","2024-08-12 14:47:53.593","60f9739250a5c6f6e4726336","5","5","4","5","4","5","5","5","5","5","5","5","5","5","1","2",NULL,NULL,NULL,NULL,"5","2024-08-12 14:46:43.079"
"306","2024-08-12 14:48:35.679","5e7fa0e918b10804bb87eb63","5","5","4","4","5","4","4","3","3","4","5","5","5","5","2","2",NULL,NULL,NULL,NULL,"1","2024-08-12 14:47:03.349"
"307","2024-08-12 14:49:07.046","63d6c8b398b284a355e65870","5","5","4","4","4","5","5","5","5","5","4","3","4","2","2","2",NULL,NULL,NULL,NULL,"5","2024-08-12 14:48:19.041"
"308","2024-08-12 14:49:21.342","57cc61d2f734660001106261","5","5","4","5","4","4","4","4","3","5","4","4","3","4","4","2",NULL,NULL,NULL,NULL,"6","2024-08-12 14:48:27.671"
"309","2024-08-12 14:49:35.112","60bf28df4926a8b6391df575","5","5","5","4","5","4","4","4","4","4","4","4","4","4","2","2",NULL,NULL,NULL,NULL,"4","2024-08-12 14:48:50.299"
"310","2024-08-12 14:50:07.526","60a0b744298c64d46b63e893","5","5","5","5","5","5","5","4","4","5","5","5","5","4","1","2",NULL,NULL,NULL,NULL,"3","2024-08-12 14:49:04.520"
"311","2024-08-12 14:50:24.913","61717173748006894b2b54ff","4","4","2","3","3","3","2","3","1","3","3","2","2","3","1","2",NULL,NULL,NULL,NULL,"2","2024-08-12 14:49:20.460"
"312","2024-08-12 14:50:29.866","5e8a5a892f6f027054a83d88","4","4","4","3","3","4","2","3","2","3","3","3","3","3","1","2",NULL,NULL,NULL,NULL,"6","2024-08-12 14:49:26.435"
"313","2024-08-12 14:51:08.914","6497e970e2621e753513a695","5","5","4","4","4","3","1","2","1","4","4","3","2","2","2","2",NULL,NULL,NULL,NULL,"6","2024-08-12 14:49:30.233"
"314","2024-08-12 14:51:53.738","60fa6f5d0c4ef9c26538f610","4","4","4","4","4","4","3","3","3","4","4","3","3","2","2","2",NULL,NULL,NULL,NULL,"6","2024-08-12 14:50:59.135"
"315","2024-08-12 14:51:55.195","5d94ce7b72b4550016906484","5","5","4","4","4","4","4","4","4","4","3","2","3","2","1","2",NULL,NULL,NULL,NULL,"2","2024-08-12 14:51:14.580"
"316","2024-08-12 14:51:57.500","62aa33eec600b41d4dc4b4e8","4","5","3","4","4","4","3","2","2","4","2","1","2","2","1","2",NULL,NULL,NULL,NULL,"3","2024-08-12 14:50:54.858"
"318","2024-08-12 14:52:51.464","60f9739250a5c6f6e4726336","5","5","5","4","5","4","4","4","4","3","5","5","5","4","2","2",NULL,NULL,NULL,NULL,"1","2024-08-12 14:51:49.147"
"319","2024-08-12 14:54:00.735","60bf28df4926a8b6391df575","5","4","5","4","4","5","4","5","4","4","5","4","5","4","2","2",NULL,NULL,NULL,NULL,"1","2024-08-12 14:53:13.919"
"322","2024-08-12 14:54:50.425","6061ef11da123a1d9e55c6c8","5","5","4","5","4","4","4","4","4","4","4","4","3","3","3","2",NULL,NULL,NULL,NULL,"3","2024-08-12 14:54:06.809"
"324","2024-08-12 14:56:12.840","57cc61d2f734660001106261","5","5","3","4","3","4","4","3","3","4","3","3","3","4","3","2",NULL,NULL,NULL,NULL,"4","2024-08-12 14:55:30.803"
"326","2024-08-12 14:56:26.331","63d6c8b398b284a355e65870","5","5","4","4","4","5","3","4","4","5","3","2","3","3","2","2",NULL,NULL,NULL,NULL,"3","2024-08-12 14:55:31.217"
"327","2024-08-12 14:56:26.483","5d40a12f4994c40001e4b80c","5","5","5","5","5","5","4","5","4","4","5","5","5","5","4","2",NULL,NULL,NULL,NULL,"4","2024-08-12 14:55:00.788"
"328","2024-08-12 14:56:45.270","5d94ce7b72b4550016906484","5","5","4","4","4","4","4","4","4","2","3","3","3","2","1","2",NULL,NULL,NULL,NULL,"1","2024-08-12 14:55:18.647"
"329","2024-08-12 14:57:32.938","60a0b744298c64d46b63e893","5","5","5","5","5","5","5","5","5","5","5","5","5","5","1","2",NULL,NULL,NULL,NULL,"2","2024-08-12 14:56:40.947"
"330","2024-08-12 14:57:34.658","61717173748006894b2b54ff","4","4","5","4","4","5","4","4","3","4","4","4","4","4","3","2",NULL,NULL,NULL,NULL,"1","2024-08-12 14:56:37.448"
"331","2024-08-12 14:57:34.917","62aa33eec600b41d4dc4b4e8","4","5","5","2","2","4","2","2","2","2","1","1","2","2","1","2",NULL,NULL,NULL,NULL,"2","2024-08-12 14:56:53.554"
"332","2024-08-12 14:58:18.132","60bf28df4926a8b6391df575","5","5","5","4","5","5","4","4","5","5","5","5","5","4","2","2",NULL,NULL,NULL,NULL,"5","2024-08-12 14:57:39.028"
"335","2024-08-12 14:59:04.207","5e8a5a892f6f027054a83d88","4","4","4","3","4","4","4","4","3","4","3","3","4","3","1","2",NULL,NULL,NULL,NULL,"2","2024-08-12 14:58:04.049"
"336","2024-08-12 14:59:17.654","5e7fa0e918b10804bb87eb63","5","5","5","4","5","4","3","2","2","2","4","4","4","5","2","2",NULL,NULL,NULL,NULL,"4","2024-08-12 14:57:50.317"
"338","2024-08-12 14:59:36.129","6497e970e2621e753513a695","5","5","4","4","4","4","3","4","4","4","5","5","3","5","4","2",NULL,NULL,NULL,NULL,"5","2024-08-12 14:58:24.598"
"340","2024-08-12 15:00:08.625","60f9739250a5c6f6e4726336","5","5","5","3","4","4","3","3","3","3","2","3","3","3","2","2",NULL,NULL,NULL,NULL,"2","2024-08-12 14:59:02.201"
"341","2024-08-12 15:00:29.857","57cc61d2f734660001106261","5","5","4","4","4","4","5","5","4","5","5","4","4","4","4","2",NULL,NULL,NULL,NULL,"5","2024-08-12 14:59:56.493"
"342","2024-08-12 15:02:44.807","62aa33eec600b41d4dc4b4e8","5","5","3","4","3","4","5","4","4","5","3","2","2","2","1","2",NULL,NULL,NULL,NULL,"5","2024-08-12 15:01:25.653"
"343","2024-08-12 15:03:56.221","6061ef11da123a1d9e55c6c8","4","5","4","4","4","4","4","3","3","3","4","3","3","3","2","2",NULL,NULL,NULL,NULL,"4","2024-08-12 15:03:16.855"
"344","2024-08-12 15:04:29.502","5d94ce7b72b4550016906484","5","5","4","4","4","4","4","3","3","2","3","3","3","2","1","2",NULL,NULL,NULL,NULL,"3","2024-08-12 15:01:38.687"
"348","2024-08-12 15:04:59.967","57cc61d2f734660001106261","5","5","4","4","4","4","5","4","4","4","3","3","4","4","3","2",NULL,NULL,NULL,NULL,"3","2024-08-12 15:04:32.346"
"349","2024-08-12 15:05:06.871","60a0b744298c64d46b63e893","5","5","5","4","4","5","4","4","4","2","5","5","5","5","1","2",NULL,NULL,NULL,NULL,"4","2024-08-12 15:04:16.229"
"350","2024-08-12 15:05:08.636","63d6c8b398b284a355e65870","5","5","2","3","2","4","3","1","1","3","3","2","2","2","2","2",NULL,NULL,NULL,NULL,"6","2024-08-12 15:03:48.877"
"351","2024-08-12 15:05:16.207","60bf28df4926a8b6391df575","5","5","5","4","4","4","4","4","3","4","4","4","5","4","2","2",NULL,NULL,NULL,NULL,"6","2024-08-12 15:04:38.003"
"353","2024-08-12 15:06:29.761","5d40a12f4994c40001e4b80c","5","5","5","5","5","5","4","5","4","4","5","5","5","5","4","2",NULL,NULL,NULL,NULL,"3","2024-08-12 15:05:25.140"
"354","2024-08-12 15:06:40.097","5e8a5a892f6f027054a83d88","4","4","4","3","3","4","5","4","4","4","4","3","4","3","2","2",NULL,NULL,NULL,NULL,"3","2024-08-12 15:05:37.313"
"355","2024-08-12 15:07:15.878","60f9739250a5c6f6e4726336","5","5","5","4","5","4","4","4","4","4","5","4","4","4","1","2",NULL,NULL,NULL,NULL,"6","2024-08-12 15:06:18.768"
"356","2024-08-12 15:08:35.241","61717173748006894b2b54ff","4","4","4","4","3","4","3","2","2","2","3","3","3","3","1","2",NULL,NULL,NULL,NULL,"4","2024-08-12 15:07:34.713"
"357","2024-08-12 15:08:45.230","62aa33eec600b41d4dc4b4e8","5","5","5","4","3","4","2","2","2","2","2","1","1","2","1","2",NULL,NULL,NULL,NULL,"4","2024-08-12 15:08:07.703"
"358","2024-08-12 15:09:00.875","6497e970e2621e753513a695","3","3","2","5","4","5","4","4","3","4","2","4","3","4","3","2",NULL,NULL,NULL,NULL,"3","2024-08-12 15:08:16.712"
"359","2024-08-12 15:09:39.585","60a0b744298c64d46b63e893","5","5","5","5","5","5","5","5","5","5","5","5","5","5","2","2",NULL,NULL,NULL,NULL,"1","2024-08-12 15:08:52.359"
"363","2024-08-12 15:11:53.366","5e7fa0e918b10804bb87eb63","5","5","4","4","4","4","3","2","2","2","4","4","4","4","2","2",NULL,NULL,NULL,NULL,"6","2024-08-12 15:10:40.984"
"365","2024-08-12 15:11:59.279","5d94ce7b72b4550016906484","5","5","4","4","4","4","4","4","4","2","3","3","3","2","2","2",NULL,NULL,NULL,NULL,"4","2024-08-12 15:10:17.376"
"366","2024-08-12 15:12:09.317","62aa33eec600b41d4dc4b4e8","5","5","2","4","3","5","5","4","4","5","3","2","2","2","1","2",NULL,NULL,NULL,NULL,"1","2024-08-12 15:11:34.284"
"367","2024-08-12 15:12:33.455","5d40a12f4994c40001e4b80c","5","5","4","5","5","5","5","5","5","5","5","5","5","5","4","2",NULL,NULL,NULL,NULL,"5","2024-08-12 15:11:32.072"
"368","2024-08-12 15:12:51.056","60fa6f5d0c4ef9c26538f610","4","4","4","4","4","4","4","3","3","4","4","3","3","2","2","2",NULL,NULL,NULL,NULL,"3","2024-08-12 15:11:49.289"
"370","2024-08-12 15:13:06.933","60f9739250a5c6f6e4726336","5","5","4","4","5","5","3","3","3","3","4","4","4","4","2","2",NULL,NULL,NULL,NULL,"3","2024-08-12 15:12:21.929"
"372","2024-08-12 15:13:14.058","6061ef11da123a1d9e55c6c8","5","5","4","4","4","4","4","4","4","3","4","4","3","3","3","2",NULL,NULL,NULL,NULL,"6","2024-08-12 15:12:39.149"
"373","2024-08-12 15:13:38.007","63d6c8b398b284a355e65870","5","5","4","3","3","5","4","4","4","4","3","3","3","3","2","2",NULL,NULL,NULL,NULL,"4","2024-08-12 15:12:49.475"
"376","2024-08-12 15:14:44.621","60a0b744298c64d46b63e893","5","5","5","5","5","5","5","5","5","4","5","5","5","5","2","2",NULL,NULL,NULL,NULL,"5","2024-08-12 15:13:59.513"
"377","2024-08-12 15:14:58.180","5e8a5a892f6f027054a83d88","4","4","4","3","4","4","4","4","3","4","3","3","3","3","1","2",NULL,NULL,NULL,NULL,"4","2024-08-12 15:14:08.791"
"379","2024-08-12 15:17:49.519","62aa33eec600b41d4dc4b4e8","5","4","5","4","4","4","4","2","2","4","2","1","2","1","1","2",NULL,NULL,NULL,NULL,"6","2024-08-12 15:17:16.945"
"381","2024-08-12 15:18:26.481","5e7fa0e918b10804bb87eb63","5","5","4","4","5","4","5","5","4","5","4","4","4","5","2","2",NULL,NULL,NULL,NULL,"5","2024-08-12 15:17:12.320"
"382","2024-08-12 15:19:08.592","5c5cad3e4ee81200018eafe2","5","5","5","5","5","5","4","4","4","5","5","4","4","2","3","2",NULL,NULL,NULL,NULL,"3","2024-08-12 15:17:45.263"
"383","2024-08-12 15:19:16.806","6061ef11da123a1d9e55c6c8","4","5","4","4","4","4","5","5","5","4","4","4","4","3","2","2",NULL,NULL,NULL,NULL,"5","2024-08-12 15:18:41.575"
"384","2024-08-12 15:20:39.976","6497e970e2621e753513a695","4","5","4","5","4","4","4","1","1","4","3","3","3","5","4","2",NULL,NULL,NULL,NULL,"4","2024-08-12 15:19:23.243"
"386","2024-08-12 15:20:40.691","5e8a5a892f6f027054a83d88","4","4","3","3","4","4","5","5","5","5","4","3","4","3","2","2",NULL,NULL,NULL,NULL,"5","2024-08-12 15:19:56.672"
"387","2024-08-12 15:21:50.292","5d40a12f4994c40001e4b80c","5","5","5","4","5","5","5","4","5","5","5","5","5","5","4","2",NULL,NULL,NULL,NULL,"1","2024-08-12 15:19:39.556"
"388","2024-08-12 15:21:59.714","61717173748006894b2b54ff","4","3","3","3","3","4","4","2","2","3","3","3","3","3","2","2",NULL,NULL,NULL,NULL,"6","2024-08-12 15:20:14.358"
"390","2024-08-12 15:22:11.637","60fa6f5d0c4ef9c26538f610","4","4","4","4","4","4","4","4","4","4","4","3","3","2","2","2",NULL,NULL,NULL,NULL,"5","2024-08-12 15:21:22.695"
"392","2024-08-12 15:24:44.585","iddb040bef3de6b","4","4","4","4","2","3","4","4","3","3","3","2","3","3","2","2",NULL,NULL,NULL,NULL,"3","2024-08-12 15:23:03.554"
"394","2024-08-12 15:25:57.938","5a520774eedc3200014206b4","5","5","5","4","5","4","5","4","4","5","4","3","3","3","2","2",NULL,NULL,NULL,NULL,"1","2024-08-12 15:23:35.478"
"395","2024-08-12 15:27:38.378","60fa6f5d0c4ef9c26538f610","4","4","4","4","4","4","4","3","3","3","4","3","3","2","2","2",NULL,NULL,NULL,NULL,"2","2024-08-12 15:26:52.119"
"396","2024-08-12 15:29:44.156","61717173748006894b2b54ff","4","4","3","3","3","4","4","3","2","3","3","3","4","3","2","2",NULL,NULL,NULL,NULL,"3","2024-08-12 15:28:45.891"
"397","2024-08-12 15:30:08.712","5e7fa0e918b10804bb87eb63","5","5","4","4","4","4","3","2","2","4","4","4","4","4","2","2",NULL,NULL,NULL,NULL,"2","2024-08-12 15:28:51.431"
"399","2024-08-12 15:31:12.645","iddb040bef3de6b","4","4","4","4","3","4","4","3","3","3","3","3","2","2","2","2",NULL,NULL,NULL,NULL,"1","2024-08-12 15:30:03.012"
"403","2024-08-12 15:32:32.634","6497e970e2621e753513a695","4","5","5","4","5","3","4","4","2","4","4","4","3","3","4","2",NULL,NULL,NULL,NULL,"2","2024-08-12 15:31:45.058"
"404","2024-08-12 15:33:59.271","5c5cad3e4ee81200018eafe2","5","5","4","4","4","4","4","4","5","4","4","4","3","4","5","2",NULL,NULL,NULL,NULL,"6","2024-08-12 15:32:59.401"
"405","2024-08-12 15:36:13.602","5d40a12f4994c40001e4b80c","5","5","4","4","5","5","4","5","4","5","5","5","5","5","3","2",NULL,NULL,NULL,NULL,"6","2024-08-12 15:35:08.025"
"406","2024-08-12 15:37:36.268","iddb040bef3de6b","4","4","4","4","3","4","4","3","4","4","3","2","3","3","2","2",NULL,NULL,NULL,NULL,"5","2024-08-12 15:36:22.333"
"408","2024-08-12 15:39:38.662","5a520774eedc3200014206b4","5","5","5","4","5","4","4","4","4","4","4","3","3","4","3","2",NULL,NULL,NULL,NULL,"3","2024-08-12 15:38:20.403"
"409","2024-08-12 15:40:17.008","6497e970e2621e753513a695","4","5","5","4","4","3","2","4","5","4","3","5","4","2","3","2",NULL,NULL,NULL,NULL,"1","2024-08-12 15:39:17.616"
"410","2024-08-12 15:41:43.860","5c5cad3e4ee81200018eafe2","5","5","5","4","4","5","5","5","5","5","5","4","4","3","3","2",NULL,NULL,NULL,NULL,"5","2024-08-12 15:40:54.036"
"415","2024-08-12 15:49:15.501","5a520774eedc3200014206b4","5","5","5","4","5","4","5","4","5","5","4","3","3","4","3","2",NULL,NULL,NULL,NULL,"5","2024-08-12 15:47:54.926"
"416","2024-08-12 15:50:47.584","iddb040bef3de6b","4","4","3","3","2","2","4","3","2","3","2","3","2","2","2","2",NULL,NULL,NULL,NULL,"2","2024-08-12 15:49:39.393"
"417","2024-08-12 15:50:56.664","5c5cad3e4ee81200018eafe2","5","5","4","4","5","5","5","5","5","5","4","4","4","4","3","2",NULL,NULL,NULL,NULL,"1","2024-08-12 15:50:04.130"
"419","2024-08-12 15:58:39.662","63ee65e3470c23cb401ca89a","5","5","4","4","2","4","4","4","4","4","2","2","2","4","4","2",NULL,NULL,NULL,NULL,"5","2024-08-12 15:54:36.129"
"420","2024-08-12 16:01:11.756","iddb040bef3de6b","4","4","3","3","2","2","2","3","3","2","3","3","2","4","2","2",NULL,NULL,NULL,NULL,"4","2024-08-12 16:00:00.067"
"421","2024-08-12 16:03:54.742","5c5cad3e4ee81200018eafe2","5","5","4","4","5","5","5","5","5","5","4","4","4","4","3","2",NULL,NULL,NULL,NULL,"2","2024-08-12 16:02:45.814"
"422","2024-08-12 16:05:26.585","5a520774eedc3200014206b4","5","5","5","4","5","4","4","2","2","4","3","3","2","4","2","2",NULL,NULL,NULL,NULL,"6","2024-08-12 16:04:19.098"
"423","2024-08-12 16:06:50.561","63ee65e3470c23cb401ca89a","5","5","4","4","2","4","4","4","4","4","4","4","4","4","3","2",NULL,NULL,NULL,NULL,"3","2024-08-12 16:05:42.179"
"424","2024-08-12 16:11:07.578","iddb040bef3de6b","4","4","4","3","3","3","4","4","2","3","3","2","3","3","2","2",NULL,NULL,NULL,NULL,"6","2024-08-12 16:10:07.313"
"425","2024-08-12 16:15:50.642","5c5cad3e4ee81200018eafe2","5","5","4","5","5","5","5","5","5","5","4","4","3","3","3","2",NULL,NULL,NULL,NULL,"4","2024-08-12 16:15:01.924"
"426","2024-08-12 16:20:56.918","5a520774eedc3200014206b4","5","5","5","5","5","4","4","2","2","4","3","3","3","4","3","2",NULL,NULL,NULL,NULL,"4","2024-08-12 16:19:55.107"
"427","2024-08-12 16:29:41.656","63ee65e3470c23cb401ca89a","5","5","4","4","2","4","4","4","4","4","2","2","4","2","4","2",NULL,NULL,NULL,NULL,"6","2024-08-12 16:28:45.452"
"428","2024-08-12 16:38:47.978","5a520774eedc3200014206b4","5","5","5","4","5","4","5","3","2","5","3","3","3","3","3","2",NULL,NULL,NULL,NULL,"2","2024-08-12 16:37:39.225"
"429","2024-08-12 16:47:15.863","61267b828ead584bcf092e35","5","5","5","5","5","4","5","5","4","5","5","5","5","5","2","2",NULL,NULL,NULL,NULL,"1","2024-08-12 16:44:05.545"
"430","2024-08-12 17:07:10.565","61267b828ead584bcf092e35","5","5","5","4","4","5","2","2","2","5","4","4","4","4","4","2",NULL,NULL,NULL,NULL,"4","2024-08-12 17:01:18.885"
"431","2024-08-12 17:14:51.687","63ee65e3470c23cb401ca89a","4","5","4","4","4","4","4","4","4","4","4","4","4","4","2","2",NULL,NULL,NULL,NULL,"1","2024-08-12 17:14:12.958"
"432","2024-08-12 17:17:01.733","61267b828ead584bcf092e35","5","5","5","5","5","5","5","5","5","5","5","5","5","5","4","2",NULL,NULL,NULL,NULL,"3","2024-08-12 17:14:48.384"
"433","2024-08-12 17:21:23.889","63ee65e3470c23cb401ca89a","5","5","4","4","4","4","4","2","4","4","4","4","4","4","4","2",NULL,NULL,NULL,NULL,"4","2024-08-12 17:20:44.013"
"434","2024-08-12 17:29:09.692","63ee65e3470c23cb401ca89a","5","5","4","4","4","4","4","4","4","4","4","4","4","4","4","2",NULL,NULL,NULL,NULL,"2","2024-08-12 17:28:40.900"
"435","2024-08-12 17:29:59.773","61267b828ead584bcf092e35","5","5","5","5","5","4","3","3","2","4","4","4","4","4","2","2",NULL,NULL,NULL,NULL,"6","2024-08-12 17:27:54.097"
"436","2024-08-12 17:37:59.014","61267b828ead584bcf092e35","5","5","5","5","5","2","5","5","4","5","5","5","5","5","4","2",NULL,NULL,NULL,NULL,"5","2024-08-12 17:36:02.671"
"437","2024-08-12 17:50:06.182","61267b828ead584bcf092e35","5","5","5","5","5","4","2","2","2","2","5","5","5","5","4","2",NULL,NULL,NULL,NULL,"2","2024-08-12 17:47:43.100"
"456","2024-08-16 16:17:11.481","id8bde6d59dc95e8","4","5","4","3","4","3","1","2","2","1","2","3","3","4","2","2",NULL,NULL,NULL,NULL,"4","2024-08-16 16:15:32.428"
"457","2024-08-16 16:25:52.544","id8bde6d59dc95e8","5","5","4","3","4","3","2","1","1","1","2","4","1","3","2","2",NULL,NULL,NULL,NULL,"2","2024-08-16 16:24:53.638"
"458","2024-08-16 16:31:00.714","id8bde6d59dc95e8","5","5","4","4","4","4","4","4","4","4","3","4","4","4","2","2",NULL,NULL,NULL,NULL,"1","2024-08-16 16:30:16.024"
"459","2024-08-16 16:35:49.148","id8bde6d59dc95e8","5","5","4","4","4","4","4","4","3","5","4","3","5","3","2","2",NULL,NULL,NULL,NULL,"5","2024-08-16 16:35:01.717"
"460","2024-08-16 16:45:31.731","id8bde6d59dc95e8","4","4","3","3","3","4","4","4","4","4","3","3","2","4","2","2",NULL,NULL,NULL,NULL,"6","2024-08-16 16:44:35.598"
"461","2024-08-16 16:51:16.753","id8bde6d59dc95e8","4","4","3","3","3","4","4","4","4","4","3","3","3","3","2","2",NULL,NULL,NULL,NULL,"3","2024-08-16 16:50:30.274"
"464","2024-08-17 09:04:27.777","id077af4ac44e5d","3","4","4","4","4","4","4","3","3","3","4","4","4","3","2","2",NULL,NULL,NULL,NULL,"3","2024-08-17 09:03:26.474"
"465","2024-08-17 11:04:26.827","id077af4ac44e5d","4","4","3","4","4","4","4","3","4","4","4","4","3","4","3","2",NULL,NULL,NULL,NULL,"5","2024-08-17 11:03:49.353"
"466","2024-08-17 11:19:56.834","id077af4ac44e5d","4","4","4","4","3","4","3","2","2","2","3","3","2","4","2","2",NULL,NULL,NULL,NULL,"6","2024-08-17 11:18:32.457"
"467","2024-08-17 11:25:36.863","id077af4ac44e5d","4","4","4","4","4","4","4","2","3","3","4","4","4","4","3","2",NULL,NULL,NULL,NULL,"2","2024-08-17 11:25:01.733"
"468","2024-08-17 13:26:27.130","id077af4ac44e5d","4","4","3","4","4","4","3","3","4","4","4","4","4","4","3","2",NULL,NULL,NULL,NULL,"1","2024-08-17 13:25:33.336"
"469","2024-08-17 13:33:34.596","id077af4ac44e5d","4","4","4","3","4","3","3","2","3","3","4","4","3","4","2","2",NULL,NULL,NULL,NULL,"4","2024-08-17 13:32:45.382"
"472","2024-08-18 11:53:22.884","id514f1fba88fac","4","4","4","5","5","4","4","2","2","4","4","4","4","4","2","2",NULL,NULL,NULL,NULL,"6","2024-08-18 11:51:32.163"
"473","2024-08-18 12:02:53.224","id514f1fba88fac","4","5","4","4","4","4","4","2","2","5","4","4","4","4","2","2",NULL,NULL,NULL,NULL,"4","2024-08-18 12:01:24.561"
"474","2024-08-18 12:11:22.904","id514f1fba88fac","5","5","4","4","4","3","3","2","1","2","4","4","4","4","2","2",NULL,NULL,NULL,NULL,"3","2024-08-18 12:09:54.104"
"475","2024-08-18 12:20:30.098","id514f1fba88fac","5","5","4","4","5","4","4","4","4","4","5","4","4","4","2","2",NULL,NULL,NULL,NULL,"2","2024-08-18 12:19:20.767"
"476","2024-08-18 12:26:36.005","id514f1fba88fac","5","5","5","5","5","4","4","4","2","5","4","4","4","4","2","2",NULL,NULL,NULL,NULL,"5","2024-08-18 12:25:24.616"
"477","2024-08-18 12:31:37.565","id514f1fba88fac","5","5","5","5","5","4","4","4","4","4","5","5","4","5","2","2",NULL,NULL,NULL,NULL,"1","2024-08-18 12:30:43.015"
