"id","pid","extype","orig_phrase","sub_phrase","effect"
"1","id485d6e97579b2","4","Travis is in charge.","Trivis","0"
"2","id485d6e97579b2","4","Pressure to finish my review!","Pressure to finish your review","0"
"3","id485d6e97579b2","4","What do you think about Tracy and Jim?","What do you think about Tracy and Jim ","0"
"4","id485d6e97579b2","4","He doesn't want to give the trading positions.","He doesnt want to give ","0"
"5","id485d6e97579b2","4","I have forwarded to Kelly.","I have forwared to Kelly ","0"
"6","id485d6e97579b2","4","But we should pay them the 4500.","But we should pay the 4500","0"
"7","id485d6e97579b2","4","We need a process to deal with this.","We need to process with this","0"
"8","id485d6e97579b2","4","What did Mark say?","What did Mark say?","0"
"9","id485d6e97579b2","4","Am I getting a good package?","Am i a good package?","0"
"10","id485d6e97579b2","4","I can return earlier.","I can return earlier ","0"
"16","id485d6e97579b2","1","Um, no sir.","Um, no sir","0"
"17","id485d6e97579b2","1","A gift isn't necessary.","A gift insnt nessecary ","0"
"18","id485d6e97579b2","1","Steve Gilbert is working on this.","Steve Gilbert isn't working here","0"
"19","id485d6e97579b2","1","Sorry about that!","Sorry about that !","0"
"20","id485d6e97579b2","1","What does ""held"" mean?","What does ""held"" mean?","0"
"21","id485d6e97579b2","1","No obligation to pay.","No obligation to pay ","0"
"22","id485d6e97579b2","1","There is now a meeting at 8PM as well.","There is now a metting at 8PM as well","0"
"23","id485d6e97579b2","1","No to both.","No to both.","0"
"24","id485d6e97579b2","1","What is your issue sir?","What is your issue sir?","0"
"25","id485d6e97579b2","1","Do you still need me to sign something?","Do you stil want me to sing something?","0"
"26","id485d6e97579b2","3","I was trying to remember what Bobby said.","I was not remember what Bobby say","0"
"27","id485d6e97579b2","3","Can you help me here?","Can you help me here?","0"
"28","id485d6e97579b2","3","I have 30 minutes then.","I have 30 minutes there","0"
"29","id485d6e97579b2","3","I just tracked down Steve.","i JUST TRUCKED DOWN STEVE","0"
"30","id485d6e97579b2","3","The troops just walked in.","The troops just walked in","0"
"31","id485d6e97579b2","3","Can you bring these to 49C1?","Can you bring these to 49C1?","0"
"32","id485d6e97579b2","3","Thanks for checking with me.","Thanks for checking for me.","0"
"33","id485d6e97579b2","3","I'm available by cell when you get data points.","I'm available to cell when you get data","0"
"34","id485d6e97579b2","3","I didn't understand we were borrowing them.","I didn't understand we were borring them ","0"
"35","id485d6e97579b2","3","Does Dan know about Julia changing groups?","Does  know about Jullia change groups","0"
"36","id485d6e97579b2","2","Are you going to call?","Are you going to call?","0"
"37","id485d6e97579b2","2","I think afraid of mass exodus.","I think afraid of mass exodus ","0"
"38","id485d6e97579b2","2","What is wrong?","What is wrong?","0"
"39","id485d6e97579b2","2","See you later.","See you later","0"
"40","id485d6e97579b2","2","Check and find out form?","Check and find out form","0"
"41","id485d6e97579b2","2","Are you being a baby?","Are you being a babe?","0"
"42","id485d6e97579b2","2","I'm available by cell when you get data points.","I'm availbe by cell when you get data points","0"
"43","id485d6e97579b2","2","We can work around these plans if you prefer.","We can work around ","0"
"44","id485d6e97579b2","2","I am not concerned with the Brown money.","I am not concenred with brown money ","0"
"45","id485d6e97579b2","2","I tried that to no avail.","I tried to avoid the avail","0"
"46","id0b3b44e2cef4d","3","Also it appears no payment is required tomorrow.","Also it appears new experiment ","0"
"47","id0b3b44e2cef4d","3","We must be consistent.","We must be consident","0"
"48","id0b3b44e2cef4d","3","Perhaps there was a glitch.","Perhaps there was a glitch!","0"
"49","id0b3b44e2cef4d","3","Trip was good I presume?","Trip was good I presume","0"
"50","id0b3b44e2cef4d","3","Hope your week is going well.","Hope your week was good as well","0"
"51","id0b3b44e2cef4d","3","Would you have John send me a message?","Would you have John send me a message?","0"
"52","id0b3b44e2cef4d","3","I just had my head in the clouds.","I just have cloud in my head","0"
"53","id0b3b44e2cef4d","3","Go for the dollars.","Go for the dollars.","0"
"54","id0b3b44e2cef4d","3","I talked to Duran.","I talked to Duran","0"
"55","id0b3b44e2cef4d","3","I have an AM doctor's appointment.","I have an AM doctor's appointment","0"
"56","id0b3b44e2cef4d","1","Daniel A. Muschar","Daniel M. Mushar","0"
"57","id0b3b44e2cef4d","1","Can you bring these to 49C1?","Can you bring C","0"
"58","id0b3b44e2cef4d","1","She has the game tomorrow.","She has the game tommorow","0"
"59","id0b3b44e2cef4d","1","Thus have nothing to destroy.","Thus have nothing to destroy","0"
"60","id0b3b44e2cef4d","1","I'm not planning on doing anything this week.","I 'm not planning to do anything this week","0"
"61","id0b3b44e2cef4d","1","Can we meet at 3:30?","Can we meet 3:30A.M.","0"
"62","id0b3b44e2cef4d","1","You can talk to Becky!","You can talk to Becky","0"
"63","id0b3b44e2cef4d","1","Did you differ from me?","Did you differ with me?","0"
"64","id0b3b44e2cef4d","1","I am trying again.","I am trying again.","0"
"65","id0b3b44e2cef4d","1","I will resend to you.","I will resend to you","0"
"66","id0b3b44e2cef4d","2","How are things?","How are things?","0"
"67","id0b3b44e2cef4d","2","I was trying to remember what Bobby said.","I was trying to remember what Tobby said","0"
"68","id0b3b44e2cef4d","2","I will take a look at this today.","I will take a look today","0"
"69","id0b3b44e2cef4d","2","Is this the conference rate?","Is this the conference rate?","0"
"70","id0b3b44e2cef4d","2","Was wondering if you and Natalie connected?","I was wondering if you and Natalie connected","0"
"71","id0b3b44e2cef4d","2","This is all so unreal.","This is so unreal","0"
"72","id0b3b44e2cef4d","2","We need to talk about this month.","We need to talk about last month","0"
"73","id0b3b44e2cef4d","2","I guess this is OK if you are.","I guess this is OK if you are","0"
"74","id0b3b44e2cef4d","2","Sorry for the delay.","Sorry for the delay","0"
"75","id0b3b44e2cef4d","2","Will give you more shortly.","Will give you more shortly","0"
"76","id0b3b44e2cef4d","4","I will call.","I will call","0"
"77","id0b3b44e2cef4d","4","Did you send out a global message from me?","Did you send out a global message for me?","0"
"78","id0b3b44e2cef4d","4","How's the share price?","How's the share price?","0"
"79","id0b3b44e2cef4d","4","Should systems manage the migration?","Should system migration?","0"
"80","id0b3b44e2cef4d","4","Not just 1 to 2.","Not just 1 to 2","0"
"81","id0b3b44e2cef4d","4","Probably will be working.","Probably we will working","0"
"82","id0b3b44e2cef4d","4","She just came.","She just came","0"
"83","id0b3b44e2cef4d","4","We can work around these plans if you prefer.","We can work these plans if you want","0"
"84","id0b3b44e2cef4d","4","Also it appears no payment is required tomorrow.","Also it appears no payment","0"
"85","id0b3b44e2cef4d","4","I talked to Duran.","I talked to Duran.","0"
"86","id88d9599e3704f","2","What is in the plan?","What is in the plan?","0"
"87","id88d9599e3704f","2","Remember blackberry doesn't work so well at home.","Remember Blackberry doesn't work very well at home.","0"
"88","id88d9599e3704f","2","What does ""held"" mean?","What does ""held"" mean?","0"
"89","id88d9599e3704f","2","How soon do you need it?","How soon do you need it?","0"
"90","id88d9599e3704f","2","That would be great.","That would be great.","0"
"91","id88d9599e3704f","2","Can you call me at home?","Can you call me at home?","0"
"92","id88d9599e3704f","2","Keep me posted!","Keep me posted!","0"
"93","id88d9599e3704f","2","On my way back.","On my way back.","0"
"94","id88d9599e3704f","2","And leave my school alone.","And leave my school alone.","0"
"95","id88d9599e3704f","2","Would you have John send me a message?","Would you have John send me a message?","0"
"96","id88d9599e3704f","3","I'll get you one.","I'll get you one.","0"
"97","id88d9599e3704f","3","Neal, can you help with this?","Neal, can you help me with this?","0"
"98","id88d9599e3704f","3","OK by me.","Ok by me.","0"
"99","id88d9599e3704f","3","The rest is a byproduct of slapshot.","The rest is a byproduct of slugspot.","0"
"100","id88d9599e3704f","3","I won't be home until 6.","I won't be home until 6.","0"
"101","id88d9599e3704f","3","I told Gary you could make the call.","I told Gary you could make the call.","0"
"102","id88d9599e3704f","3","Thanks for your concern.","Thanks for your consern.","0"
"103","id88d9599e3704f","3","Sounds good to me.","Sound good to me.","0"
"104","id88d9599e3704f","3","We can have wine and catch up.","We can have wine and catch up.","0"
"105","id88d9599e3704f","3","I am now officially a Blackberry addict.","I am now officialy a Blackberry addict.","0"
"106","id88d9599e3704f","4","Thursday works better for me.","Thursday works better for me.","0"
"107","id88d9599e3704f","4","Let's wait until Monday.","Let's wait until Monday.","0"
"108","id88d9599e3704f","4","This looks fine.","This looks fine.","0"
"109","id88d9599e3704f","4","Please set something up.","Please set something up.","0"
"110","id88d9599e3704f","4","Just sitting around.","Just sitting around.","0"
"111","id88d9599e3704f","4","He would love anything about rocks.","He would love anything about rocks.","0"
"112","id88d9599e3704f","4","What level of detail do you need?","What level of detail do you need?","0"
"113","id88d9599e3704f","4","Did you send out a global message from me?","Dis you send out a global message for me?","0"
"114","id88d9599e3704f","4","Get with Dot.","Get with Dot.","0"
"115","id88d9599e3704f","4","Please send it to both of us.","Please send it to both of us.","0"
"116","id88d9599e3704f","1","You have a nice holiday too.","You have a nice holiday too.","0"
"117","id88d9599e3704f","1","Had a great meeting.","Had a grea meeting.","0"
"118","id88d9599e3704f","1","Thus have nothing to destroy.","Thus have nothing to destroy.","0"
"119","id88d9599e3704f","1","Did you talk to Ava this morning?","Did you talk to Ava this morning?","0"
"120","id88d9599e3704f","1","I agreed terms with Greg.","I agreed terms with Greg.","0"
"121","id88d9599e3704f","1","We're on the way.","We're on the way.","0"
"122","id88d9599e3704f","1","Chris Foster is in!","Chris Foster is fun!","0"
"123","id88d9599e3704f","1","I better go.","I better go.","0"
"124","id88d9599e3704f","1","I like it.","I like it.","0"
"125","id88d9599e3704f","1","Of course not","Of course not","0"
"126","id1d7694116bf3a","2","Little value to the pipes.","Littile value","0"
"127","id1d7694116bf3a","2","I think those are the right dates.","I think these are the right dates","0"
"128","id1d7694116bf3a","2","Do we have New York sorted out?","Do we have New York sorted out?","0"
"129","id1d7694116bf3a","2","Get with David Lund.","Get with David Lunt","0"
"130","id1d7694116bf3a","2","A gift isn't necessary.","A gift isn't necessary","0"
"131","id1d7694116bf3a","2","Do we have anyone in Portland?","Do we have anyone in Portland?","0"
"132","id1d7694116bf3a","2","It reads like she is in.","It reads like she's in","0"
"133","id1d7694116bf3a","2","A bit behind on my emails.","A bit behind my emails","0"
"134","id1d7694116bf3a","2","Please send me an email to let me know.","Please send me an email to let me know.","0"
"135","id1d7694116bf3a","2","Let me know when you get this.","Let me know when you get this.","0"
"136","id1d7694116bf3a","3","Can you bring these to 49C1?","Can you bring these to 49C1?","0"
"137","id1d7694116bf3a","3","This is the neatest toy I have had.","This is the nearest toy i ever had.","0"
"138","id1d7694116bf3a","3","Paige is gone.","Paige is gone.","0"
"139","id1d7694116bf3a","3","Do we know what we need?","Do we know what we need?","0"
"140","id1d7694116bf3a","3","Where are you?","Where are you?","0"
"141","id1d7694116bf3a","3","I want to thank everyone involved.","I want to thank everyone involved.","0"
"142","id1d7694116bf3a","3","I hope you are feeling better.","I hope you are feeling better.","0"
"143","id1d7694116bf3a","3","It may be an hour.","It may be an hour.","0"
"144","id1d7694116bf3a","3","We are all fragile.","We are all fragile.","0"
"145","id1d7694116bf3a","3","Had a great meeting.","Had a great meeting.","0"
"146","id1d7694116bf3a","1","Sounds good to me.","Sound good to me.","0"
"147","id1d7694116bf3a","1","We just pulled schedules from the web.","We just pulled schedules from the web.","0"
"148","id1d7694116bf3a","1","Get with Dot.","Get with Dot.","0"
"149","id1d7694116bf3a","1","Let's wait until Monday.","Let's wait until Monday.","0"
"150","id1d7694116bf3a","1","I am sorry you had to come in.","I am sorry you had to come in.","0"
"151","id1d7694116bf3a","1","Would you mind doing the following?","Would you mind doing the following?","0"
"152","id1d7694116bf3a","1","Tell her to get my expense report done.","Tell her to get my expense report done.","0"
"153","id1d7694116bf3a","1","I will take a look at this today.","I will take a look at this today.","0"
"154","id1d7694116bf3a","1","In a meeting with your guys now.","In a meeting with your guys now.","0"
"155","id1d7694116bf3a","1","Check and find out form?","Check and find out form?","0"
"156","id1d7694116bf3a","4","I'm available by cell when you get data points.","I'm avaliable to cell to get data points","0"
"157","id1d7694116bf3a","4","Let's wait until Monday.","Let's wait until Monday.","0"
"158","id1d7694116bf3a","4","Have I mentioned how much I love Houston traffic?","have i mentioned how much i love Houston traffic?","0"
"159","id1d7694116bf3a","4","Where are you DSM boy?","Where are you DSM boys?","0"
"160","id1d7694116bf3a","4","But I believe answer will be yes.","But i believe the answer will be yes.","0"
"161","id1d7694116bf3a","4","Do you know anything?","Do you know anything?","0"
"162","id1d7694116bf3a","4","Are you sure?","Are you sure?","0"
"163","id1d7694116bf3a","4","Do you need it today?","Do you need it today?","0"
"164","id1d7694116bf3a","4","Are you back in town?","Are you back in town?","0"
"165","id1d7694116bf3a","4","In a couple of weeks.","In a couple of weeks.","0"
"166","id9bd6a4957c10c","4","Joel will handle this.","joel will handle it!","0"
"167","id9bd6a4957c10c","4","Finally, I would delete the paragraph about lawyers.","Finnaly, i will delete the paragraph about the lawer","0"
"168","id9bd6a4957c10c","4","Not just 1 to 2.","Not just 1 to 2","0"
"169","id9bd6a4957c10c","4","Sorry for the unfriendly greeting in the lobby.","Sorry fo the unfriendly meeting in the lobby","0"
"170","id9bd6a4957c10c","4","Do we need to do anything here?","Do we need to do anything here","0"
"171","id9bd6a4957c10c","4","Probably won't have anything to tell late tonight.","Probably i wont have anything to talk tonight","0"
"172","id9bd6a4957c10c","4","This is the crew.","This is the crew","0"
"173","id9bd6a4957c10c","4","Go ahead and notify.","Go ahead and notify","0"
"174","id9bd6a4957c10c","4","Have a great trip.","Have a great trip","0"
"175","id9bd6a4957c10c","4","I told Gary you could make the call.","i told Gary you could call tonight","0"
"176","id9bd6a4957c10c","1","I thought so.","I thought so","0"
"177","id9bd6a4957c10c","1","She just came.","She just came","0"
"178","id9bd6a4957c10c","1","We are about to leave Heaven!","we are about to leave heaven","0"
"179","id9bd6a4957c10c","1","I can return earlier.","I can return earlier","0"
"180","id9bd6a4957c10c","1","On the plane, doors closing.","on the plane, doors closing","0"
"181","id9bd6a4957c10c","1","See you next week.","See you next week","0"
"182","id9bd6a4957c10c","1","Are you getting all the information you need?","Are you getting all the informations you need","0"
"183","id9bd6a4957c10c","1","It is not surprising.","It is not surpising","0"
"184","id9bd6a4957c10c","1","I am out of town on business tonight.","i am out of town on business tonight","0"
"185","id9bd6a4957c10c","1","Hopefully this can wait until Monday.","Hopefully this can made on weekend","0"
"186","id9bd6a4957c10c","2","Anything exciting going on today?","Anything exciting going on today","0"
"187","id9bd6a4957c10c","2","Do you have a number for him?","Do you have a number of him?","0"
"188","id9bd6a4957c10c","2","Did you talk to Ava this morning?","Did you talk to Ava this morning?","0"
"189","id9bd6a4957c10c","2","Sorry for the unfriendly greeting in the lobby.","Sorry for the unfriendly meeting in the lobby!","0"
"190","id9bd6a4957c10c","2","Jane, what about this Thursday for lunch?","Jane, whata about this Thursday for lunch?","0"
"191","id9bd6a4957c10c","2","That would be great.","That would be great!","0"
"192","id9bd6a4957c10c","2","Maybe traffic will be light on Thursday.","Maybe traffic will be line on Thursday.","0"
"193","id9bd6a4957c10c","2","Are you going to join us for lunch?","Are you going to join us for lunch?","0"
"194","id9bd6a4957c10c","2","I will need to have my memory refreshed.","I will need to have my memorie refreced!","0"
"195","id9bd6a4957c10c","2","No can do.","No can do","0"
"196","id9bd6a4957c10c","3","Thai sounds good.","Thai sounds good!","0"
"197","id9bd6a4957c10c","3","I thought so.","I thought so!","0"
"198","id9bd6a4957c10c","3","Can you remember?","Can you remember?","0"
"199","id9bd6a4957c10c","3","We need a process to deal with this.","We need a proccess to deal with","0"
"200","id9bd6a4957c10c","3","Perhaps there was a glitch.","Perhaps there was a glich","0"
"201","id9bd6a4957c10c","3","Is that enough for this week?","Is that enough for this week?","0"
"202","id9bd6a4957c10c","3","On the plane, doors closing.","On the plane, doors closing!","0"
"203","id9bd6a4957c10c","3","Also it appears no payment is required tomorrow.","Also it appears, no paymenst is requier for the moment","0"
"204","id9bd6a4957c10c","3","Did we get ours back?","Did we get ours back?","0"
"205","id9bd6a4957c10c","3","What number should he call you on?","What number should he call you back","0"
"206","id3d3533f2ad9f7","1","What will happen to this project?","What will happen to this project?","0"
"207","id3d3533f2ad9f7","1","No surprise there.","No surprise there.","0"
"208","id3d3533f2ad9f7","1","That would be great.","That would be great.","0"
"209","id3d3533f2ad9f7","1","Get with Dot.","Get with dot.","0"
"210","id3d3533f2ad9f7","1","The contract is a bit complicated.","The contract is a bit complicated.","0"
"211","id3d3533f2ad9f7","1","I told you silly.","I told you silly.","0"
"212","id3d3533f2ad9f7","1","I wish he would leave Deerfield alone.","I wish he would leave Deerfield alone.","0"
"213","id3d3533f2ad9f7","1","Tell her to get my expense report done.","Tell her to have my text report done.","0"
"214","id3d3533f2ad9f7","1","I just had my head in the clouds.","I just had my head in the clouds.","0"
"215","id3d3533f2ad9f7","1","Does Friday at 10 work for you?","Does Friday at 10 works for you?","0"
"216","id3d3533f2ad9f7","4","Will give you more shortly.","Will give you more shortly.","0"
"217","id3d3533f2ad9f7","4","OK by me.","OK by me.","0"
"218","id3d3533f2ad9f7","4","I am on my way.","I am on my way.","0"
"219","id3d3533f2ad9f7","4","Message is getting through.","Message is getting through.","0"
"220","id3d3533f2ad9f7","4","Can you do the Gallup contracts as well?","Can you do the Gallup contracts as well?","0"
"221","id3d3533f2ad9f7","4","Will you come get me?","Will you come get me?","0"
"222","id3d3533f2ad9f7","4","This is good I think.","This is good i think.","0"
"223","id3d3533f2ad9f7","4","This is the neatest toy I have had.","This is the neatest toy I have had.","0"
"224","id3d3533f2ad9f7","4","Mike, are you aware of this?","Mike, are you aware of this?","0"
"225","id3d3533f2ad9f7","4","What's his problem?","What's his problem?","0"
"226","id3d3533f2ad9f7","3","Hang in there guys.","Hang in there guys.","0"
"227","id3d3533f2ad9f7","3","I hope he is having a fantastic time.","I hope he is having a fantastic time.","0"
"228","id3d3533f2ad9f7","3","Anything exciting going on today?","Anything exciting going on today?","0"
"229","id3d3533f2ad9f7","3","Wish me luck with Linda.","Wish me luck with Linda.","0"
"230","id3d3533f2ad9f7","3","If we don't get it, could be trouble.","If we don't get it, could be trouble.","0"
"231","id3d3533f2ad9f7","3","Would you mind doing the following?","Would you mind doing anything?","0"
"232","id3d3533f2ad9f7","3","Thanks for the quick turnaround.","Thanks for the quick turnaround.","0"
"233","id3d3533f2ad9f7","3","I better go.","I better go.","0"
"234","id3d3533f2ad9f7","3","What a pain.","What a pain.","0"
"235","id3d3533f2ad9f7","3","Mike is putting pressure on me.","Mike is putting pressure on me.","0"
"236","id3d3533f2ad9f7","2","Is that OK?","Is that OK?","0"
"237","id3d3533f2ad9f7","2","Please stay on top of the security issue.","Please stay in top of the security issue.","0"
"238","id3d3533f2ad9f7","2","I will be back Friday.","I will be back Friday.","0"
"239","id3d3533f2ad9f7","2","I still believe a September 30 closing is unrealistic.","I still believe a September 30 closing is unbelievable.","0"
"240","id3d3533f2ad9f7","2","Just wanted to touch base.","Just wanted to touch base.","0"
"241","id3d3533f2ad9f7","2","Did that happen?","Did that happen?","0"
"242","id3d3533f2ad9f7","2","We can have wine and catch up.","We can have wine and catch up.","0"
"243","id3d3533f2ad9f7","2","Pressure to finish my review!","Pressure to finish my review!","0"
"244","id3d3533f2ad9f7","2","Keep me posted!","Keep me posted.","0"
"245","id3d3533f2ad9f7","2","What is the cost issue?","What is the cost issue?","0"
"246","ida90f5cd2503a7","1","Need to watch closely.","Need to watch closely.","0"
"247","ida90f5cd2503a7","1","I don't know who/what got everything stirred up today.","I don't know who/what got everything stirred up today.","0"
"248","ida90f5cd2503a7","1","Better than most recently.","Better than most recently.","0"
"249","ida90f5cd2503a7","1","Does Friday at 10 work for you?","Does Friday at 10 work for you?","0"
"250","ida90f5cd2503a7","1","Geez, I sound pathetic.","Geez, I sound pathetic!","0"
"251","ida90f5cd2503a7","1","What is up with ENE?","What is up with ENE?","0"
"252","ida90f5cd2503a7","1","See you later.","See you later.","0"
"253","ida90f5cd2503a7","1","I changed that in one prior draft.","I changed that in one prior draft.","0"
"254","ida90f5cd2503a7","1","Mike is putting pressure on me.","Mike is putting presure on me.","0"
"255","ida90f5cd2503a7","1","DS and LS","DS and LS","0"
"256","ida90f5cd2503a7","3","Just in case we haven't invited any of them.","Just in case we haven't invited any of them.","0"
"257","ida90f5cd2503a7","3","I was planning to attend.","I was planning to attend.","0"
"258","ida90f5cd2503a7","3","How's the share price?","How's the share price?","0"
"259","ida90f5cd2503a7","3","Even Michael was impressed.","Even Michael was impressed.","0"
"260","ida90f5cd2503a7","3","A gift isn't necessary.","A gift isn't necessary.","0"
"261","ida90f5cd2503a7","3","Please send it to both of us.","Please send it to both of us.","0"
"262","ida90f5cd2503a7","3","Are you there?","Are you there?","0"
"263","ida90f5cd2503a7","3","Not just 1 to 2.","Not just 1 to 2.","0"
"264","ida90f5cd2503a7","3","Are you in today?","Are you in today?","0"
"265","ida90f5cd2503a7","3","Stop working weekends again.","Stop working weekends again.","0"
"266","ida90f5cd2503a7","2","Don't forget the wood.","Don't forget the wood.","0"
"267","ida90f5cd2503a7","2","Keep me posted!","Keep me posted.","0"
"268","ida90f5cd2503a7","2","We are all fragile.","We are all fragile.","0"
"269","ida90f5cd2503a7","2","What is in the plan?","What is in the plan?","0"
"270","ida90f5cd2503a7","2","What is the cost issue?","What is the cost issue?","0"
"271","ida90f5cd2503a7","2","See you next week.","See you next week.","0"
"272","ida90f5cd2503a7","2","I have forwarded to Kelly.","I have forwarded to Kelly.","0"
"273","ida90f5cd2503a7","2","This looks fine.","This looks fine.","0"
"274","ida90f5cd2503a7","2","I like it.","I like it.","0"
"275","ida90f5cd2503a7","2","I think afraid of mass exodus.","I think afraid of mass exodus.","0"
"276","ida90f5cd2503a7","4","Where are they hitting the books at?","Where are they hitting the books at ?","0"
"277","ida90f5cd2503a7","4","You have a nice holiday too.","You have a nice holiday too.","0"
"278","ida90f5cd2503a7","4","Is that EOTT or the company that owns it?","Is that EOTT or the company that owns it?","0"
"279","ida90f5cd2503a7","4","I'm available by cell when you get data points.","I;m available at cell when you get data points.","0"
"280","ida90f5cd2503a7","4","What level of detail do you need?","What level of detail do you need?","0"
"281","ida90f5cd2503a7","4","Not just 1 to 2.","Not just 1 or 2.","0"
"282","ida90f5cd2503a7","4","This is the neatest toy I have had.","This is the neatest toy i have had.","0"
"283","ida90f5cd2503a7","4","A gift isn't necessary.","A gift isn't necessary.","0"
"284","ida90f5cd2503a7","4","Do you have a number for him?","Do you have a number of him?","0"
"285","ida90f5cd2503a7","4","She called and wants to come over this AM.","She called and wants to come over this AM.","0"
"286","id95955346653c","2","Has anyone else heard anything?","Has anyone said anything","0"
"287","id95955346653c","2","Are you on the diet with me?","Are you on the diet with me?","0"
"288","id95955346653c","2","See you soon!","See you soon","0"
"289","id95955346653c","2","Hope you guys are doing fine.","Hope you ","0"
"290","id95955346653c","2","Thanks good job.","Thanks good job","0"
"291","id95955346653c","2","Can you get with Mary and make sure?","Can you get with Mary and make sure?","0"
"292","id95955346653c","2","Do we know what we need?","Do we know what we need?","0"
"293","id95955346653c","2","What's your proposal?","What's your proposal?","0"
"294","id95955346653c","2","I'm glad you liked it.","I'm glad that","0"
"295","id95955346653c","2","I may take the opportunity to run some errands.","I may take the oportunity to run some erands","0"
"296","id95955346653c","3","I am walking in now.","I am walking in now","0"
"297","id95955346653c","3","Mikey is invited also.","Mikey is invited also","0"
"298","id95955346653c","3","He would love anything about rocks.","He would love anything about rocks","0"
"299","id95955346653c","3","Do you and George have a thing going?","Do you and George have a thing going?","0"
"300","id95955346653c","3","Next time ask Jim to call me.","Next time ask Jim to call me","0"
"301","id95955346653c","3","We can work around these plans if you prefer.","We can work around these plans if you prefer","0"
"302","id95955346653c","3","Just got this.","Just got this","0"
"303","id95955346653c","3","Please send me an email to let me know.","Please sent me an email to let me know","0"
"304","id95955346653c","3","Ava, please put me on the list.","Ava, please put me on the list.","0"
"305","id95955346653c","3","Yes I did.","Yes I did.","0"
"306","id95955346653c","4","I am freaking out!","I am freaking out!","0"
"307","id95955346653c","4","I sent it to her.","I sent it to her","0"
"308","id95955346653c","4","Have a great day!","Have a great day!","0"
"309","id95955346653c","4","Sorry about that!","Sorry about that!","0"
"310","id95955346653c","4","They are more efficiently pooled.","They are more efficiently pooled.","0"
"311","id95955346653c","4","I changed that in one prior draft.","I changed that in one prior draft.","0"
"312","id95955346653c","4","Do you and George have a thing going?","Do you and George have a thing going?","0"
"313","id95955346653c","4","Board meeting running long.","Board meeting going long.","0"
"314","id95955346653c","4","It is not surprising.","It's not surprising.","0"
"315","id95955346653c","4","Call me to give me a heads up.","Call me to give me a heads up.","0"
"316","id95955346653c","1","Even Michael was impressed.","Even Michael was impresed.","0"
"317","id95955346653c","1","Would you have John send me a message?","Would you have John sent me a message?","0"
"318","id95955346653c","1","Am I getting a good package?","Am I getting a good package?","0"
"319","id95955346653c","1","Thanks for the quick turnaround.","Thanks for the quick turnaround.","0"
"320","id95955346653c","1","I am trying again.","I am trying again.","0"
"321","id95955346653c","1","How's the share price?","How's the share price?","0"
"322","id95955346653c","1","Wish me luck with Linda.","Wish me luck with Linda.","0"
"323","id95955346653c","1","Um, no sir.","Um, no sir!","0"
"324","id95955346653c","1","Sounds good to me.","Sounds good to me.","0"
"325","id95955346653c","1","I told you silly.","I told you silly.","0"
"326","ida8cf5ca5e993a","2","Neal, can you help with this?","Neal, can you help me with this ? ","0"
"327","ida8cf5ca5e993a","2","Better than most recently.","Better than most recently.","0"
"328","ida8cf5ca5e993a","2","We must be consistent.","We must be consistent.","0"
"329","ida8cf5ca5e993a","2","Do you still need me to sign something?","Do you still need me to sign something ? ","0"
"330","ida8cf5ca5e993a","2","This is all so unreal.","This is all so unreal!","0"
"331","ida8cf5ca5e993a","2","The rest is a byproduct of slapshot.","The rest is a bioproduct of slupshot.","0"
"332","ida8cf5ca5e993a","2","Mikey is invited also.","Mikey is invited also!","0"
"333","ida8cf5ca5e993a","2","He would love anything about rocks.","He would love anything about rocks!","0"
"334","ida8cf5ca5e993a","2","Hope you guys are doing fine.","Hope you guys are doing fine.","0"
"335","ida8cf5ca5e993a","2","On my way back.","On my way back.","0"
"336","ida8cf5ca5e993a","4","Will you and KB be around this afternoon?","Will you and KB be around this afternoon?","0"
"337","ida8cf5ca5e993a","4","Have you done any deals yet?","Have you done any deals yet?","0"
"338","ida8cf5ca5e993a","4","I'm glad you liked it.","I'm glad you liked it.","0"
"339","ida8cf5ca5e993a","4","Is that enough for this week?","Is that enough for this week?","0"
"340","ida8cf5ca5e993a","4","Daniel A. Muschar","Daniel A. Muschar.","0"
"341","ida8cf5ca5e993a","4","Where are you?","Where are you?","0"
"342","ida8cf5ca5e993a","4","How's the share price?","How's the share price?","0"
"343","ida8cf5ca5e993a","4","About 15 minutes.","About 15 minutes.","0"
"344","ida8cf5ca5e993a","4","We need to talk about this month.","We need to talk about this month.","0"
"345","ida8cf5ca5e993a","4","I have other things to worry about!","I have other things to worry about!","0"
"346","id0bdef54858cd3","3","Please revise accordingly.","Please revise accordingly","0"
"347","id0bdef54858cd3","3","What is going on?","What is going on?","0"
"348","id0bdef54858cd3","3","Does Friday at 10 work for you?","Does Friday at 10 work for you?","0"
"349","id0bdef54858cd3","3","Thursday works better for me.","Thrusday works better for me.","0"
"350","id0bdef54858cd3","3","I think afraid of mass exodus.","I think afraid of mass exodus","0"
"351","id0bdef54858cd3","3","Thai sounds good.","Thai sounds good.","0"
"352","id0bdef54858cd3","3","I am on my way.","I am on my way.","0"
"353","id0bdef54858cd3","3","Did you talk to Ava this morning?","Did you talk to Ava this morning?","0"
"354","id0bdef54858cd3","3","I have a high level in my office.","I have a high level in my office.","0"
"355","id0bdef54858cd3","3","Yes I am here actually.","Yes i am here actually.","0"
"356","id0bdef54858cd3","1","Not just 1 to 2.","Not just 1 or 2.","0"
"357","id0bdef54858cd3","1","I wanted to go drinking with you.","I wanted to go drinking with you.","0"
"358","id0bdef54858cd3","1","What a nice note.","What a nice note.","0"
"359","id0bdef54858cd3","1","Has Dynegy made a specific request?","Has Dygeny made a specific request?","0"
"360","id0bdef54858cd3","1","Are you on the diet with me?","Are you on diet with me?","0"
"361","id0bdef54858cd3","1","I was trying to remember what Bobby said.","I was trying to remember what Bobby said.","0"
"362","id0bdef54858cd3","1","I'm available by cell when you get data points.","I'm available by cell when you get data points.","0"
"363","id0bdef54858cd3","1","Do we know what we need?","Do we know what we need?","0"
"364","id0bdef54858cd3","1","They are more efficiently pooled.","Yhey are more efficiently pooled.","0"
"365","id0bdef54858cd3","1","She has a web address.","She has more ","0"
"366","id0bdef54858cd3","2","What is up with ENE?","What is up with ENE?","0"
"367","id0bdef54858cd3","2","I can fill you in on more details later.","I can fill you in on more details later.","0"
"368","id0bdef54858cd3","2","The contract is a bit complicated.","The contract is a little bit complicated.","0"
"369","id0bdef54858cd3","2","Can you do the Gallup contracts as well?","Can you do the Gallup ","0"
"370","id0bdef54858cd3","2","Please send me an email to let me know.","Please send me an email to let me know.","0"
"371","id0bdef54858cd3","2","I think we should consider this request.","I think we should consider this request.","0"
"372","id0bdef54858cd3","2","How long can you guys shop?","How long can you guys shop?","0"
"373","id0bdef54858cd3","2","You have a nice holiday too.","You have a nice holiday too","0"
"374","id0bdef54858cd3","2","Hey TK, how are you doing?","Hey TK, how are you doing?","0"
"375","id0bdef54858cd3","2","There is now a meeting at 8PM as well.","There is now a meeting at 8PM as well.","0"
"376","id0bdef54858cd3","4","No to both.","No to both.","0"
"377","id0bdef54858cd3","4","Just my thoughts.","Just my thoughts.","0"
"378","id0bdef54858cd3","4","We can have wine and catch up.","We can have wine and catch up.","0"
"379","id0bdef54858cd3","4","Did we plan that?","Did we plan that?","0"
"380","id0bdef54858cd3","4","Daniel A. Muschar","Daniel A. Muschar","0"
"381","id0bdef54858cd3","4","They are more efficiently pooled.","They are more efficiently pooled.","0"
"382","id0bdef54858cd3","4","Then we can go to Zainy Brainy.","Then we can go to Zainy Brainy.","0"
"383","id0bdef54858cd3","4","Please send me an email.","Please send me an email.","0"
"384","id0bdef54858cd3","4","What will happen to this project?","What will happen to this project?","0"
"385","id0bdef54858cd3","4","Maybe traffic will be light on Thursday.","Maybe traffic will be light on Thursday. ","0"
"386","idbad99ed7a2a12","2","What did Mark say?","What did Mark say?","0"
"387","idbad99ed7a2a12","2","Would you mind doing the following?","Would you mind do the following?","0"
"388","idbad99ed7a2a12","2","Please set something up.","Please set something ","0"
"389","idbad99ed7a2a12","2","She called and wants to come over this AM.","She called and she want to come over this AM","0"
"390","idbad99ed7a2a12","2","I hope he is having a fantastic time.","I hope he is giving a fantastic time","0"
"391","idbad99ed7a2a12","2","Bound to be some media flack on this.","Bound to be some media flank on this","0"
"392","idbad99ed7a2a12","2","Chris Foster is in!","Chris Foster is in!","0"
"393","idbad99ed7a2a12","2","Had a great meeting.","Had a great meating!","0"
"394","idbad99ed7a2a12","2","Do you still need me to sign something?","Do you still need me to sign something?","0"
"395","idbad99ed7a2a12","2","I am getting lots of questions.","I am getting lots of questions.","0"
"396","idbad99ed7a2a12","1","We must be consistent.","We must be consistend.","0"
"397","idbad99ed7a2a12","1","Can you help with this one?","Can you help with this one?","0"
"398","idbad99ed7a2a12","1","I'm waiting until she comes home.","I'm waiting until she comes home.","0"
"399","idbad99ed7a2a12","1","Can you help me here?","Can you help me here?","0"
"400","idbad99ed7a2a12","1","Would you mind doing the following?","Would you mind doing the following?","0"
"401","idbad99ed7a2a12","1","Are you in today?","Are you in today?","0"
"402","idbad99ed7a2a12","1","Probably can handle Monday PM.","Probably can handle Monday PM.","0"
"403","idbad99ed7a2a12","1","This is the neatest toy I have had.","This is the neatest toy i had had.","0"
"404","idbad99ed7a2a12","1","Also, regarding the cash flow from Canada.","Also,regarding the cash flow from Canada.","0"
"405","idbad99ed7a2a12","1","Do you want to fax it to my hotel?","Do you want to fax it to my hotel?","0"
"406","idbad99ed7a2a12","3","I am looking forward to the salad.","I am looking forward to the salad.","0"
"407","idbad99ed7a2a12","3","Yes I am here actually.","Yes I am here actually.","0"
"408","idbad99ed7a2a12","3","A gift isn't necessary.","A gift isn't necessary.","0"
"409","idbad99ed7a2a12","3","Kind of like silent fireworks.","Kind of like silent firewroks.","0"
"410","idbad99ed7a2a12","3","I will take a look at this today.","I will take a look at this today.","0"
"411","idbad99ed7a2a12","3","Are you on the diet with me?","Are you on the diet with me?","0"
"412","idbad99ed7a2a12","3","This seems fine to me.","This seems fine to me.","0"
"413","idbad99ed7a2a12","3","A bit behind on my emails.","A bit behind of my emails.","0"
"414","idbad99ed7a2a12","3","It is not surprising.","It is not surprising.","0"
"415","idbad99ed7a2a12","3","Maybe traffic will be light on Thursday.","Maybe traffic will be light on Thursday.","0"
"416","idbad99ed7a2a12","4","Yes I am here actually.","Yes I am here actually.","0"
"417","idbad99ed7a2a12","4","I compliment you?","I compliment you?","0"
"418","idbad99ed7a2a12","4","Could you see where this stands?","Could you see where this stands?","0"
"419","idbad99ed7a2a12","4","Will 2PM ET work for you?","Will 2PM ET work for you?","0"
"420","idbad99ed7a2a12","4","Send to me.","Send to me .","0"
"421","idbad99ed7a2a12","4","I can return earlier.","I can return earlier.","0"
"422","idbad99ed7a2a12","4","No to both.","No to both.","0"
"423","idbad99ed7a2a12","4","I think we should consider this request.","I think we should consider this request.","0"
"424","idbad99ed7a2a12","4","Perhaps there was a glitch.","Perhaps there was a glitch.","0"
"425","idbad99ed7a2a12","4","Please send me an email to let me know.","Please send me an email let me know.","0"
"426","id4800804c0a8bb","4","It's not looking too good is it?","it's not looking too good is it?","0"
"427","id4800804c0a8bb","4","Perhaps there was a glitch.","Perhaps it was a glitch.","0"
"428","id4800804c0a8bb","4","I will call.","I will call.","0"
"429","id4800804c0a8bb","4","Please send me an email.","Please send me an email.","0"
"430","id4800804c0a8bb","4","Hey TK, how are you doing?","Hey TK,how are you doing.","0"
"431","id4800804c0a8bb","4","Do we need to do anything here?","Do we need to do anything here?","0"
"432","id4800804c0a8bb","4","I want to thank everyone involved.","I want to thank anyone involved.","0"
"433","id4800804c0a8bb","4","Go for the dollars.","Go for the dollars.","0"
"434","id4800804c0a8bb","4","Is this the conference rate?","Is this conference rate?","0"
"435","id4800804c0a8bb","4","Thursday works better for me.","Thursday works better for me.","0"
"436","id4800804c0a8bb","3","What's your proposal?","What's your proposal?","0"
"437","id4800804c0a8bb","3","Can you call me at home?","Can you call me at home?","0"
"438","id4800804c0a8bb","3","Do you need to be there?","Do you need to be there?","0"
"439","id4800804c0a8bb","3","I can return earlier.","I can return erlier.","0"
"440","id4800804c0a8bb","3","I would be glad to participate.","I would be glad to participate","0"
"441","id4800804c0a8bb","3","What's going on?","Watch' going on","0"
"442","id4800804c0a8bb","3","Ava, do we need to worry about this?","Ava, do we need to worry about this?","0"
"443","id4800804c0a8bb","3","DS and LS","DS and LS","0"
"444","id4800804c0a8bb","3","Was it a car wreck?","Was it a car reck?","0"
"445","id4800804c0a8bb","3","Can you bring these to 49C1?","Can you bring this to 49C1?","0"
"446","id4800804c0a8bb","1","Better than most recently.","Better than most recently.","0"
"447","id4800804c0a8bb","1","What are the units?","What are the units?","0"
"448","id4800804c0a8bb","1","How's the share price?","How's the share price?","0"
"449","id4800804c0a8bb","1","This is the crew.","This is the crew?","0"
"450","id4800804c0a8bb","1","What's your phone number?","Watch your phone number?","0"
"451","id4800804c0a8bb","1","Are you going to call?","Are you going to call?","0"
"452","id4800804c0a8bb","1","Have you done any deals yet?","Have you done any deals yet?","0"
"453","id4800804c0a8bb","1","Where are they hitting the books at?","Where are they hitting the books at?","0"
"454","id4800804c0a8bb","1","Please set something up.","Please set something at.","0"
"455","id4800804c0a8bb","1","Got your message.","Got your message.","0"
"456","id4800804c0a8bb","2","We can work around these plans if you prefer.","We can work around this plans if you prefer.","0"
"457","id4800804c0a8bb","2","You can talk to Becky!","You can talk to Belky!","0"
"458","id4800804c0a8bb","2","I hope he is having a fantastic time.","I hope he is having a fantastic time.","0"
"459","id4800804c0a8bb","2","Could you try ringing her?","Could you try ringing her?","0"
"460","id4800804c0a8bb","2","Please send me an email.","Please send me an email.","0"
"461","id4800804c0a8bb","2","Are you being a baby?","Are you being a baby?","0"
"462","id4800804c0a8bb","2","Chris Foster is in!","Chris Foster is in?","0"
"463","id4800804c0a8bb","2","Take what you can get.","Take what you can get.","0"
"464","id4800804c0a8bb","2","Who is this?","Who is this ?","0"
"465","id4800804c0a8bb","2","Weather is bad here.","Weather is bad here.","0"
"466","id15d11dd8fd8aa","2","You're the greatest.","You're the greatest!","0"
"467","id15d11dd8fd8aa","2","Thanks I will.","Thanks I will.","0"
"468","id15d11dd8fd8aa","2","Just my thoughts.","Just my thoughts.","0"
"469","id15d11dd8fd8aa","2","See you then","See you then","0"
"470","id15d11dd8fd8aa","2","I can fill you in on more details later.","I can fill you in on more details later.","0"
"471","id15d11dd8fd8aa","2","I am monitoring email.","I am monitoring email.","0"
"472","id15d11dd8fd8aa","2","I better go.","I better go.","0"
"473","id15d11dd8fd8aa","2","No material impact.","No material impact.","0"
"474","id15d11dd8fd8aa","2","I would like to attend if so.","I would like to attend if so.","0"
"475","id15d11dd8fd8aa","2","Depends on price.","Depends on price.","0"
"476","id15d11dd8fd8aa","1","Why do you ask?","Why do you ask?","0"
"477","id15d11dd8fd8aa","1","What does ""held"" mean?","What does ""held"" mean?","0"
"478","id15d11dd8fd8aa","1","Good for you.","Good for you.","0"
"479","id15d11dd8fd8aa","1","John this message concerns me.","John this message concerns me.","0"
"480","id15d11dd8fd8aa","1","Is she done yet?","Is she done yet?","0"
"481","id15d11dd8fd8aa","1","Got here early.","Got here early.","0"
"482","id15d11dd8fd8aa","1","That would be great.","That would be great.","0"
"483","id15d11dd8fd8aa","1","I'm in a meeting until noon.","I'm in a meeting until noon.","0"
"484","id15d11dd8fd8aa","1","Did you send out a global message from me?","Did you send out a global message from me?","0"
"485","id15d11dd8fd8aa","1","How are you?","How are you?","0"
"486","id15d11dd8fd8aa","3","About 15 minutes.","About 15 minutes.","0"
"487","id15d11dd8fd8aa","3","Are you in today?","Are you in today?","0"
"488","id15d11dd8fd8aa","3","I am in 50M if you need me.","I am in 50M if you need me.","0"
"489","id15d11dd8fd8aa","3","How did they get onto our floor?","How did they get on our floor?","0"
"490","id15d11dd8fd8aa","3","Do we need to discuss?","Do we need to discuss?","0"
"491","id15d11dd8fd8aa","3","What is the cost issue?","What is the cost issue?","0"
"492","id15d11dd8fd8aa","3","Thanks for the quick turnaround.","Thanks for the quick turnaround.","0"
"493","id15d11dd8fd8aa","3","Call me to give me a heads up.","Call me to give me a heads up.","0"
"494","id15d11dd8fd8aa","3","Did we get ours back?","Did we get ours back?","0"
"495","id15d11dd8fd8aa","3","Works for me.","Works for me.","0"
"496","id15d11dd8fd8aa","4","I'm waiting until she comes home.","I'm waiting till she comes home.","0"
"497","id15d11dd8fd8aa","4","Call me to give me a heads up.","Call me to give me a heads up.","0"
"498","id15d11dd8fd8aa","4","Are you going to join us for lunch?","Are you going to join us for lunch?","0"
"499","id15d11dd8fd8aa","4","Ava, please put me on the list.","Ava, please put me on the list.","0"
"500","id15d11dd8fd8aa","4","Stop working weekends again.","Stop working weekends again.","0"
"501","id15d11dd8fd8aa","4","Can you help with this one?","Can you help with this one?","0"
"502","id15d11dd8fd8aa","4","Tell her to get my expense report done.","Tell her to get my expense report done.","0"
"503","id15d11dd8fd8aa","4","Geez, I sound pathetic.","Geez, I sound pathetic.","0"
"504","id15d11dd8fd8aa","4","No surprise there.","No surprise there.","0"
"505","id15d11dd8fd8aa","4","Thanks I will.","Thanks I will.","0"
"506","idb53ee7b1425ce","3","Are you in today?","Are you in today?","0"
"507","idb53ee7b1425ce","3","Thai sounds good.","Thai sounds good!","0"
"508","idb53ee7b1425ce","3","Would you mind taking the lead on this?","Would you mind taking the lead on this?","0"
"509","idb53ee7b1425ce","3","I would be glad to participate.","I would be glad to participate.","0"
"510","idb53ee7b1425ce","3","I didn't understand we were borrowing them.","I didn't undestand we were borrowing them.","0"
"511","idb53ee7b1425ce","3","Did you not read my first email?","Did you not read my first email?","0"
"512","idb53ee7b1425ce","3","Thanks good job.","Thanks good job","0"
"513","idb53ee7b1425ce","3","Have a great day!","Have a great day!","0"
"514","idb53ee7b1425ce","3","I am at the lake.","I am at the lake.","0"
"515","idb53ee7b1425ce","3","Not at this time.","Not at this time.","0"
"516","idb53ee7b1425ce","1","Wednesday is definitely a hot chocolate day.","Wednesday is definately a hot chocolate day","0"
"517","idb53ee7b1425ce","1","I'm not planning on doing anything this week.","I'm not planning on doing anything next week","0"
"518","idb53ee7b1425ce","1","Travis is in charge.","Travis is in charge.","0"
"519","idb53ee7b1425ce","1","I'm glad she likes her tree.","I'm glad she likes her tree.","0"
"520","idb53ee7b1425ce","1","Has your 4th quarter changed?","Has your 4th quarter changed?","0"
"521","idb53ee7b1425ce","1","This is all so unreal.","This is all so unreal","0"
"522","idb53ee7b1425ce","1","This is the neatest toy I have had.","This is the neatest toy that i have had","0"
"523","idb53ee7b1425ce","1","I am getting lots of questions.","I am getting lots of questions","0"
"524","idb53ee7b1425ce","1","OK by me.","OK by me.","0"
"525","idb53ee7b1425ce","1","What a pain.","What a pain.","0"
"526","idb53ee7b1425ce","2","Two days when?","Two days when?","0"
"527","idb53ee7b1425ce","2","TW of course.","TW of course.","0"
"528","idb53ee7b1425ce","2","Still tied up.","Still tied up.","0"
"529","idb53ee7b1425ce","2","Where are they hitting the books at?","Where are they hitting the books like?","0"
"530","idb53ee7b1425ce","2","Better than most recently.","Better than most recently.","0"
"531","idb53ee7b1425ce","2","Could you try ringing her?","Could you try ringing her?","0"
"532","idb53ee7b1425ce","2","How are you?","How are you?","0"
"533","idb53ee7b1425ce","2","Where are you DSM boy?","Where are you DSM boy?","0"
"534","idb53ee7b1425ce","2","The party at AA is Roger Willard.","The party at AA is Robert Willard","0"
"535","idb53ee7b1425ce","2","We are having fun.","We are having fun","0"
"536","idb53ee7b1425ce","4","Thus have nothing to destroy.","Thus have nothing to destroy.","0"
"537","idb53ee7b1425ce","4","If not can I call you?","If not can i call you?","0"
"538","idb53ee7b1425ce","4","Did we get ours back?","Did we get ours back?","0"
"539","idb53ee7b1425ce","4","I think your outlined measures sound fine.","I think your outlined measures sound fine.","0"
"540","idb53ee7b1425ce","4","Could you try ringing her?","Could you try ringing her?","0"
"541","idb53ee7b1425ce","4","Probably can handle Monday PM.","Probably can handle Monday PM.","0"
"542","idb53ee7b1425ce","4","I didn't understand we were borrowing them.","I didn't understand we were borrowing them.","0"
"543","idb53ee7b1425ce","4","I'm still here.","I'm still here.","0"
"544","idb53ee7b1425ce","4","What is up with ENE?","What is up with ENE?","0"
"545","idb53ee7b1425ce","4","Also it appears no payment is required tomorrow.","Also is appeared no payment required tomorrow","0"
