original_clean,Unnamed: 0,llama_prompt,llama_response,llama_mem,llama_read,mistral_prompt,mistral_response,mistral_mem,mistral_read,original,mem_count_cer0,memorability,readability,words,mistral_coherence_l,llama_coherence_m,mistral_coherence_m,llama_coherence_l,mistral_coherence_g,llama_coherence_g,llama_co_score,mistral_co_score,memorability_score_1,memorability_score_2,final_leiva_memscore,llm_mem,memorability_leiva
this will be hard,2,I just found out I need to give a presentation in front of 500 people next week,This will be hard.,8,2,Can you explain quantum mechanics to me in one sentence?,This will be hard.,0,3,This will be hard.,7,high,0.0,4,low,low,low,low,low,medium,1.4,1.0,11.5316719,11.5316719,11.5316719,4.0,high
have a good evening,8,"I'm heading out to watch the sunset tonight, isn't it supposed to be beautiful?",Have a good evening.,8,2,Have you finished the project?,Have a good evening.,10,1,Have a good evening.,7,high,0.0,4,low,high,low,high,low,low,2.2,1.8,12.9784672,12.9784672,12.9784672,9.0,high
sounds good to me,9,Are we meeting at 5 pm for dinner?,Sounds good to me.,6,1,Shall we meet at the usual place on Tuesday?,Sounds good to me.,10,1,Sounds good to me.,8,high,-3.0,4,low,medium,medium,low,high,medium,1.8,1.6,12.6037467,12.6037467,12.6037467,8.0,high
will follow up today,13,Did you receive the meeting minutes?,Will follow up today.,6,1,Have you finished preparing the marketing strategy for our new product?,Will follow up today.,9,2,Will follow up today.,7,high,2.0,4,low,low,low,low,low,low,1.0,1.0,13.1534065,13.1534065,13.1534065,7.5,high
further out  will fax you price target slide,28,can you provide me with the latest sales figures?,Further out - will fax you price target slide.,4,3,Have you seen the latest stock market trend for XYZ corporation?,Further out - will fax you price target slide.,4,3,Further out - will fax you price target slide.,3,low,3.0,9,low,low,low,high,low,low,1.4,1.0,17.5953241,17.5953241,17.5953241,4.0,low
please forward to andy edison and stuart zisman,49,can you forward the meeting minutes to Andy Edison and Stuart Zisman?,Please forward to Andy Edison and Stuart Zisman.,9,2,Have you received the latest market analysis report?,Please forward to Andy Edison and Stuart Zisman.,7,2,Please forward to Andy Edison and Stuart Zisman.,3,low,7.0,8,low,medium,low,high,low,medium,2.2,1.4,18.7379441,18.7379441,18.7379441,8.0,low
ok by me,53,can we watch the movie tonight?,OK by me.,6,1,Shall we meet at the usual place tomorrow?,OK by me.,10,1,OK by me.,7,high,1.0,3,low,low,low,low,high,low,1.0,1.0,11.6691015,11.6691015,11.6691015,8.0,high
is she done yet,55,when will she finish the project?,Is she done yet?,9,2,Sarah finished baking the apple pie. Is she done yet?,Is she done yet?,10,1,Is she done yet?,10,high,0.0,4,low,medium,low,high,low,low,1.8,1.4,13.39225923,13.39225923,13.39225923,9.5,high
how are you,60,I'm feeling unwell today,How are you?,8,2,I've been thinking about our project deadline,How are you?,8,2,How are you?,8,high,1.0,3,low,low,low,high,low,high,2.2,1.0,11.5619515,11.5619515,11.5619515,8.0,high
i better go,62,the fire alarm just went off in the building,I better go.,8,2,It's raining cats and dogs outside.,I better go.,7,2,I better go.,7,high,1.0,3,medium,high,low,high,low,high,3.0,2.2,11.9453889,11.9453889,11.9453889,7.5,high
not just 1 to 2,66,do you ever feel like you're stuck in a rut?,Not just 1 to 2.,6,2,How many books do you usually read in a week?,Not just 1 to 2.,8,2,Not just 1 to 2.,7,high,2.0,5,low,low,low,low,low,low,1.0,1.0,12.5609682,12.5609682,12.5609682,7.0,high
heres the talking points for anngtc,67,What are the key takeaways from our last meeting?,Here's the talking points for ANNGTC.,6,3,Have you prepared the presentation for ANNGTC's quarterly report?,Here's the talking points for ANNGTC.,7,2,Here's the talking points for ANNGTC.,1,low,2.0,6,low,high,medium,low,low,low,1.8,2.0,19.48614085,19.48614085,19.48614085,6.5,low
the filing concerns various scheduling and balancing rules,69,What are the key rules governing financial transactions?,The filing concerns various scheduling and balancing rules.,6,2,Have you reviewed the new accounting regulations?,The filing concerns various scheduling and balancing rules.,7,2,The filing concerns various scheduling and balancing rules.,0,low,13.0,8,medium,high,medium,high,low,low,2.2,2.4,17.1245352,17.1245352,17.1245352,6.5,low
please send to hartsoe for comment,71,Can you please review the latest sales figures for our quarterly report?,Please send to Hartsoe for comment.,4,2,I've noticed some inconsistencies in the marketing campaign data.,Please send to Hartsoe for comment.,8,2,Please send to Hartsoe for comment.,2,low,2.0,6,low,low,low,low,low,low,1.0,1.0,17.47518635,17.47518635,17.47518635,6.0,low
we are all fragile,86,have you ever felt like nothing's going right?,We are all fragile.,6,2,Do you think we can handle the pressures of modern life?,We are all fragile.,7,2,We are all fragile.,8,high,1.0,4,medium,medium,medium,high,low,low,1.8,2.0,13.0776249,13.0776249,13.0776249,6.5,high
i can return earlier,94,can you return earlier today?,I can return earlier.,8,1,"Your flight is delayed, can you still make it to the meeting?",I can return earlier.,6,2,I can return earlier.,8,high,2.0,4,medium,high,low,low,low,high,2.6,2.2,12.7588337,12.7588337,12.7588337,7.0,high
i am trying again,95,can you please retry my password?,I am trying again.,4,1,Can you solve the equation 2x + 3 = 7?,I am trying again.,8,2,I am trying again.,9,high,1.0,4,low,low,low,low,low,medium,1.4,1.0,12.7230704,12.7230704,12.7230704,6.0,high
ill see you thursday october 25,99,Are you free to meet on Thursday October 25?,I'll see you Thursday October 25.,8,3,Let's meet up to discuss the project proposal next week.,I'll see you Thursday October 25.,8,2,I'll see you Thursday October 25.,3,low,5.0,6,low,high,medium,high,medium,high,3.0,2.0,15.7817629,15.7817629,15.7817629,8.0,low
what does held mean,100,The judge held the gavel tightly in her hand.,What does 'held' mean?,4,3,I've been holding this position for hours,What does 'held' mean?,8,2,"What does ""held"" mean?",7,high,0.0,4,low,high,low,high,low,medium,2.6,1.8,13.11846,13.11846,13.11846,6.0,high
of course not,109,Did you eat the last slice of pizza?,Of course not,6,2,Are you lying to me right now?,Of course not,10,2,Of course not,7,high,1.0,3,low,low,low,low,low,medium,1.4,1.0,11.5519483,11.5519483,11.5519483,8.0,high
what do you hear,110,Do you hear the music at the party?,What do you hear?,8,2,The wind whispers through the trees.,What do you hear?,7,1,What do you hear?,8,high,0.0,4,low,medium,low,medium,low,medium,2.0,1.4,13.3835651,13.3835651,13.3835651,7.5,high
203 561 9796 cell,117,where did you get your phone number?,203 561 9796- cell,4,3,Can you give me your cell phone number to set up our dinner plans?,203 561 9796- cell,10,1,203 561 9796- cell,1,low,-3.0,4,low,high,medium,high,high,low,2.2,2.0,20.86493923,20.86493923,20.86493923,7.0,low
for your information,123,is the meeting still scheduled for tomorrow?,For your information.,6,2,Have you checked the latest stock market news?,"For your information, I don't have access to real-time stock market data.",5,3,For your information.,8,high,10.0,3,low,low,low,high,low,low,1.4,1.0,-1.0,13.6325312,13.6325312,5.5,high
what a nice note,124,I just got the most amazing flowers from my secret admirer.,What a nice note.,8,2,I appreciate the thought you put into choosing this gift for me.,What a nice note.,9,1,What a nice note.,7,high,0.0,4,low,medium,medium,high,low,low,1.8,1.6,12.6897545,12.6897545,12.6897545,8.5,high
paige is gone,131,Paige is missing and I'm starting to get worried.,Paige is gone.,8,2,I saw her car missing from the driveway this morning.,Paige is gone.,5,2,Paige is gone.,7,high,1.0,3,high,high,medium,high,high,medium,2.6,2.8,13.3283845,13.3283845,13.3283845,6.5,high
see you soon,132,Are we going to the beach tomorrow?,See you soon!,8,1,I'll pick you up at the airport on Friday.,See you soon!,10,1,See you soon!,9,high,1.0,3,low,low,high,high,high,low,1.4,1.4,12.483413,11.5405415,12.011977250000001,9.0,high
see you soon,132,Are we going to the beach tomorrow?,See you soon!,8,1,I'll pick you up at the airport on Friday.,See you soon!,10,1,See you soon!,9,high,1.0,3,low,low,high,high,high,low,1.4,1.4,12.483413,14.261403,13.372408,9.0,high
see you soon,132,Are we going to the beach tomorrow?,See you soon!,8,1,I'll pick you up at the airport on Friday.,See you soon!,10,1,See you soon!,9,high,1.0,3,low,low,high,high,high,low,1.4,1.4,14.261403,11.5405415,12.900972249999999,9.0,high
probably need to check with hr group providing services,151,Can we provide out-of-office services to non-employees?,Probably need to check with HR group providing services.,8,2,John's new project requires different benefits than his current ones.,Probably need to check with HR group providing services.,8,2,Probably need to check with HR group providing services.,3,low,12.0,9,medium,medium,medium,low,medium,high,2.2,2.0,17.7393589,17.7393589,17.7393589,8.0,low
check with haedicke,152,Can you help me check the inventory for tomorrow's delivery?,Check with Haedicke,8,2,The stock price of Haedicke's preferred tech company has dropped significantly. What could be the reason?,Check with Haedicke,8,2,Check with Haedicke,1,low,7.0,3,low,low,low,low,low,low,1.0,1.0,18.19798265,18.19798265,18.19798265,8.0,low
it reads like she is in,153,the new James Bond movie looks like it's going to be a thrilling ride!,It reads like she is in.,4,2,I just finished reading her email.,It reads like she is in.,8,2,It reads like she is in.,8,high,2.0,6,low,low,medium,low,high,low,1.0,1.2,13.3145745,13.3145745,13.3145745,6.0,high
ds and ls,155,did you receive the package?,DS and LS,6,2,Have you finished reading 'To Kill a Mockingbird'?,DS and LS,1,3,DS and LS,8,high,1.0,3,low,high,low,low,low,low,1.8,1.8,13.5216015,13.5216015,13.5216015,3.5,high
in a couple of weeks,158,When can I expect my new laptop to arrive?,In a couple of weeks.,8,1,When can I expect the delivery of my new laptop?,In a couple of weeks.,7,2,In a couple of weeks.,9,high,2.0,5,low,high,medium,high,high,high,3.0,2.0,11.9694168,11.9694168,11.9694168,7.5,high
i am walking in now,160,are you already home?,I am walking in now.,6,1,"I see you're at the library, which section are you in now?",I am walking in now.,5,1,I am walking in now.,8,high,2.0,5,low,low,medium,high,low,low,1.4,1.2,12.9520403,12.9520403,12.9520403,5.5,high
they have capacity now,161,When will I be able to book the meeting room?,They have capacity now.,6,1,Can they handle another project right now?,They have capacity now.,10,1,They have capacity now.,8,high,8.0,4,low,high,medium,high,high,low,2.2,2.0,12.53941,12.53941,12.53941,8.0,high
not even close,171,can you even compare your cooking skills to a professional chef?,Not even close.,8,2,Do you know the capital city of Mongolia?,Not even close.,0,3,Not even close.,9,high,1.0,3,low,low,low,high,low,high,2.2,1.0,12.5240997,12.5240997,12.5240997,4.0,high
see you next week,173,Can't wait for our meeting next week!,See you next week.,9,2,Our project deadline has been moved to next week.,See you next week.,10,2,See you next week.,7,high,0.0,4,low,high,low,high,low,medium,2.6,1.8,12.23180923,12.23180923,12.23180923,9.5,high
see you later,175,Are you ready to meet up later?,See you later.,9,1,I'll bring the books for our next meeting.,See you later.,8,2,See you later.,7,high,1.0,3,low,high,high,low,low,medium,2.2,2.2,12.5018545,11.574383,12.038118749999999,8.5,high
see you later,175,Are you ready to meet up later?,See you later.,9,1,I'll bring the books for our next meeting.,See you later.,8,2,See you later.,7,high,1.0,3,low,high,high,low,low,medium,2.2,2.2,12.5018545,12.5018545,12.5018545,8.5,high
i have none,177,can you spare some change?,I have none.,7,1,Do you have any ripe bananas?,I have none.,9,1,I have none.,7,high,1.0,3,low,low,low,high,high,high,2.2,1.0,11.6067183,11.6067183,11.6067183,8.0,high
well be in state college around july 4,181,Are you planning a trip soon?,We'll be in State College around July 4.,7,2,Have you made travel plans for the upcoming holiday?,We'll be in State College around July 4.,8,2,We'll be in State College around July 4.,3,low,3.0,8,low,identical,high,high,low,medium,1.8,1.4,16.0104525,16.0104525,16.0104525,7.5,low
can we go to 150150 with foster,189,I'm thinking of getting tickets to the Foster's concert,Can we go to 150/150 with Foster?,8,2,Foster suggested we meet at his office at 3 PM. What do you think?,Can we go to 150/150 with Foster?,6,2,Can we go to 150/150 with Foster?,2,low,0.0,7,low,medium,low,high,low,low,1.8,1.4,18.27417325,18.27417325,18.27417325,7.0,low
thats another hole in the ny trip,192,Are we going to visit the Met in New York?,That's another hole in the NY trip.,6,3,I found a deal on flights to New York,That's another hole in the NY trip.,7,2,That's another hole in the NY trip.,3,low,3.0,7,low,high,low,high,low,medium,2.6,1.8,16.0436226,16.0436226,16.0436226,6.5,low
what period does the max rate assumption cover,195,What is the maximum rate for my credit card?,What period does the max rate assumption cover?,0,3,I'm considering applying for a mortgage with a high interest rate. What period does the max rate assumption cover?,What period does the max rate assumption cover?,5,2,What period does the max rate assumption cover?,3,low,9.0,8,low,low,medium,high,low,low,1.4,1.2,17.6262257,17.6262257,17.6262257,2.5,low
producers reacting to price management,202,How do companies deal with fluctuations in raw material prices?,Producers reacting to price management.,6,2,Have you adjusted production levels to meet the new market demand?,Producers reacting to price management.,5,2,Producers reacting to price management.,2,low,13.0,5,medium,high,medium,low,low,low,1.8,2.4,15.8598897,15.8598897,15.8598897,5.5,low
just wanted to touch base,207,Is the meeting still scheduled for tomorrow?,Just wanted to touch base.,6,1,Have we scheduled the team meeting for next week?,Just wanted to touch base.,8,2,Just wanted to touch base.,7,high,2.0,5,low,low,low,high,low,medium,1.8,1.0,13.4805242,13.4805242,13.4805242,7.0,high
thanks again for your help,210,What's the best way to improve my English vocabulary?,Thanks again for your help.,0,2,I've found the solution to your problem.,Thanks again for your help.,10,1,Thanks again for your help.,7,high,2.0,5,low,low,high,high,high,low,1.4,1.4,13.3014482,13.3014482,13.3014482,5.0,high
you didnt answer me about driving tomorrow,215,can i borrow your car for tomorrow?,You didn't answer me about driving tomorrow.,7,1,I'll pick you up at 6 PM tomorrow for our appointment.,You didn't answer me about driving tomorrow.,10,2,You didn't answer me about driving tomorrow.,3,low,8.0,7,medium,medium,low,high,low,low,1.8,1.8,16.7431911,16.7431911,16.7431911,8.5,low
do you need it today,216,can you lend me your laptop charger?,Do you need it today?,8,2,I need to buy some medicine for my cold,Do you need it today?,10,2,Do you need it today?,8,high,2.0,5,medium,high,low,high,high,high,3.0,2.2,13.4904268,13.4904268,13.4904268,9.0,high
i thought you were on 6,218,where are you right now?,I thought you were on 6.,8,2,I'll be at the library after work.,I thought you were on six today.,8,2,I thought you were on 6.,7,high,2.0,6,medium,medium,low,low,low,low,1.4,1.8,-1.0,13.1866502,13.1866502,8.0,high
joel will handle this,220,Can you please escalate this technical issue to Joel?,Joel will handle this.,8,2,There seems to be an issue with the finance reports,Joel will handle this.,8,2,Joel will handle this.,7,high,3.0,4,low,low,low,high,low,high,2.2,1.0,13.29658923,13.29658923,13.29658923,8.0,high
what is going on,224,I just saw the most incredible sunset on our beach vacation!,What is going on?,8,2,I see smoke coming from your roof.,What is going on?,5,2,What is going on?,7,high,1.0,4,low,medium,high,low,high,low,1.4,1.8,12.3145551,12.3145551,12.3145551,6.5,high
make the move,228,Are you ready to take our relationship to the next level?,Make the move.,8,2,The market trends for next quarter seem unfavorable. What's your take?,Make the move.,8,2,Make the move.,7,high,1.0,3,medium,low,low,high,low,low,1.4,1.4,11.44071,11.44071,11.44071,8.0,high
i will be thinking of you,231,I'll be missing you tomorrow when we're apart,I will be thinking of you.,8,2,I'm thinking of you in my prayers today,I will be thinking of you.,9,1,I will be thinking of you.,7,high,2.0,6,medium,high,medium,high,high,medium,2.6,2.4,12.992410199999998,12.992410199999998,12.992410199999998,8.5,high
who is this,233,who was the winner of the last football match?,Who is this?,10,3,Can you identify the author of 'To Kill a Mockingbird'?,Who is this?,5,3,Who is this?,7,high,1.0,3,low,low,low,low,low,low,1.0,1.0,12.2169697,12.2169697,12.2169697,7.5,high
did we plan that,235,are we meeting at the usual spot tomorrow?,Did we plan that?,8,2,Let's meet at the usual place tonight,Did we plan that?,10,2,Did we plan that?,7,high,0.0,4,medium,high,medium,high,medium,high,3.0,2.4,13.2713051,13.2713051,13.2713051,9.0,high
let me know if i miss anything,245,can you send me the meeting agenda?,Let me know if I miss anything.,7,2,I've prepared a detailed project proposal for next quarter.,Let me know if I miss anything.,10,2,Let me know if I miss anything.,3,low,0.0,7,low,medium,medium,high,medium,low,1.8,1.6,15.7831126,15.7831126,15.7831126,8.5,low
and leave my school alone,250,Are you going to vandalize my school's library again?,And leave my school alone.,8,3,Your constant bullying at school has to stop.,And leave my school alone.,8,2,And leave my school alone.,8,high,2.0,5,medium,high,medium,low,low,low,1.8,2.4,13.5281091,13.5281091,13.5281091,8.0,high
i will be there,251,are you coming to the party tonight?,I will be there.,8,1,Will you meet me at the usual spot by the park entrance at 6 PM?,I will be there.,10,1,I will be there.,7,high,0.0,4,medium,high,medium,low,high,high,2.6,2.4,11.0538664,11.0538664,11.0538664,9.0,high
what is in the plan,255,I'm really excited about the upcoming conference,What is in the plan?,8,3,I've prepared a detailed project proposal for our team meeting next week.,What is in the plan?,10,2,What is in the plan?,9,high,2.0,5,medium,medium,medium,low,high,low,1.4,2.0,11.6805716,11.6805716,11.6805716,9.0,high
if this has already been covered then i apologize,262,can you confirm the meeting time for tomorrow?,"If this has already been covered, then I apologize.",8,1,Have we discussed the possible causes of the recent system error?,"If this has already been covered, then I apologize.",5,2,"If this has already been covered, then I apologize.",2,low,8.0,9,low,low,low,high,low,low,1.4,1.0,17.1636687,17.1636687,17.1636687,6.5,low
budget allocation from glisan has been postponed,264,Can you please confirm the meeting schedule for Q3 budget review?,Budget allocation from Glisan has been postponed.,5,2,Have you received the latest update on the funding from Glisan?,Budget allocation from Glisan has been postponed.,6,2,Budget allocation from Glisan has been postponed.,2,low,0.0,7,low,low,low,high,high,low,1.4,1.0,17.5779493,17.5779493,17.5779493,5.5,low
im looking forward to the long weekend,266,The long weekend is finally here!,I'm looking forward to the long weekend!,8,1,I've planned a fun BBQ for the long weekend!,I'm looking forward to the long weekend!,10,1,I'm looking forward to the long weekend!,3,low,3.0,7,low,high,medium,high,low,medium,2.6,2.0,16.0761052,16.0761052,16.0761052,9.0,low
900 am every second saturday with michelle,269,When are we meeting for our regular team gathering?,9:00 AM every second Saturday with Michelle.,6,1,Let's plan our next hiking adventure.,9:00 AM every second Saturday with Michelle.,7,2,9:00 AM every second Saturday with Michelle.,0,low,8.0,7,medium,high,medium,high,low,medium,2.6,2.4,17.008677499999997,17.008677499999997,17.008677499999997,6.5,low
because there is traffic,271,Why am I stuck in traffic?,Because there is traffic.,6,2,Are you on your way to the meeting?,Because there is traffic.,8,2,Because there is traffic.,7,high,7.0,4,medium,high,medium,low,low,medium,2.2,2.4,13.0552875,13.0552875,13.0552875,7.0,high
i am fine with this,272,can we finalize the plans for our weekend trip?,I am fine with this.,8,1,I'd like us to use the old marketing strategy again.,I am fine with this.,8,2,I am fine with this.,7,high,2.0,5,low,medium,high,high,high,low,1.8,1.8,12.8431533,12.8431533,12.8431533,8.0,high
can you help with this one,289,can you recommend a good restaurant near me?,Can you help with this one?,4,3,The instructions for assembling this new table are quite confusing.,Can you help with this one?,8,2,Can you help with this one?,7,high,0.0,6,medium,low,low,low,medium,low,1.0,1.4,13.32889502,13.32889502,13.32889502,6.0,high
are you going to apply,291,the job posting says the application deadline is soon,Are you going to apply?,8,2,have you considered applying for the engineering scholarship?,are you going to apply?,8,2,Are you going to apply?,7,high,2.0,5,low,medium,medium,low,medium,high,2.2,1.6,12.8243933,13.7781333,13.3012633,8.0,high
take what you can get,307,I'm running out of storage on my phone. Can I download more data?,Take what you can get.,5,3,"I found an old recipe book in the attic, do you want to take a look?",Take what you can get.,8,2,Take what you can get.,10,high,2.0,5,low,low,low,low,low,low,1.0,1.0,12.93978427,12.93978427,12.93978427,6.5,high
shelley making good use of my jury duty time,313,How do you make the most of your jury duty time?,Shelley (making good use of my jury duty time),8,3,Have you finished reading 'To Kill a Mockingbird'?,Shelley (making good use of my jury duty time) â€“ I just started the second read!,7,2,Shelley (making good use of my jury duty time),1,low,4.0,9,low,high,medium,low,low,medium,2.2,2.0,-1.0,18.2321508,18.2321508,7.5,low
i think that is the right answer,316,who painted the ceiling of the sistine chapel?,I think that is the right answer.,7,3,What is the capital city of France?,I think that is the right answer: Paris,10,2,I think that is the right answer.,8,high,0.0,7,low,medium,low,low,low,low,1.4,1.4,-1.0,13.252596,13.252596,8.5,high
target customers munis wapa bpa,318,Why do companies prioritize customer segmentation?,"Target customers: Munis, Wapa, BPA.",4,3,Who are the primary utility companies in Pennsylvania?,"Target customers: Munis, Wapa, BPA.",7,2,"Target customers: Munis, Wapa, BPA.",1,low,2.0,5,low,medium,low,low,low,low,1.4,1.4,23.2591715,23.2591715,23.2591715,5.5,low
can i meet with you at 400,319,I need to discuss the project deadline with you,Can I meet with you at 4:00?,6,1,I need to discuss some important business matters with you.,Can I meet with you at 4:00?,8,2,Can I meet with you at 4:00?,2,low,3.0,7,low,medium,low,high,low,medium,2.2,1.4,16.49499925,16.49499925,16.49499925,7.0,low
this looks fine,322,Did you receive the new design for our company's logo?,This looks fine.,6,2,Have you finished preparing the budget report for next quarter?,This looks fine.,8,2,This looks fine.,8,high,0.0,3,low,medium,medium,low,low,low,1.4,1.6,12.1550315,12.1550315,12.1550315,7.0,high
have a great trip,331,I've finally booked my flights for the weekend getaway!,Have a great trip.,8,2,I'm leaving for my vacation in Bali tomorrow.,Have a great trip.,10,2,Have a great trip.,9,high,0.0,4,low,high,low,low,high,high,2.6,1.8,12.8149553,12.8149553,12.8149553,9.0,high
can you help,339,I'm experiencing trouble with my new smartphone. Can you help me troubleshoot?,Can you help?,8,3,"I've spilled coffee on my phone, can it be fixed?",Can you help?,8,2,Can you help?,10,high,1.0,3,low,high,low,high,low,medium,2.6,1.8,13.302302999999998,13.302302999999998,13.302302999999998,8.0,high
ava la was socal meeting,343,How was your trip to California?,"Ava, LA was Socal meeting.",6,2,Did you attend the marketing conference in San Francisco last week?,"Ava, LA was Socal meeting.",0,3,"Ava, LA was Socal meeting.",1,low,2.0,5,low,-1,low,low,low,low,1.0,1.0,17.8484633,17.8484633,17.8484633,3.0,low
is it over,347,it's finally over?,Is it over?,8,2,I see you've cancelled all our plans for the weekend.,Is it over?,8,2,Is it over?,10,high,1.0,3,medium,medium,low,low,high,medium,1.8,1.8,12.9297145,12.9297145,12.9297145,8.0,high
ill presume it is dead until i hear otherwise,348,Did you receive the package?,I'll presume it is dead until I hear otherwise.,7,3,I found the fish you asked me to buy dead on arrival.,I'll presume it is dead until I hear otherwise.,3,1,I'll presume it is dead until I hear otherwise.,2,low,4.0,9,low,high,low,high,low,low,2.2,1.8,18.0365391,18.0365391,18.0365391,5.0,low
ill get you one,349,Can you get me the latest movie tickets?,I'll get you one.,7,2,Do you have a moment to pick up some fresh flowers for me?,I'll get you one.,8,1,I'll get you one.,8,high,0.0,4,low,low,low,high,low,low,1.4,1.0,12.94941,12.94941,12.94941,7.5,high
ok with me,351,can we meet up at 5 pm today?,OK with me.,8,1,Do you want to meet for lunch tomorrow at the new Italian place?,OK with me.,10,2,OK with me.,8,high,1.0,3,medium,medium,medium,low,high,medium,1.8,2.0,11.7696,11.7696,11.7696,9.0,high
mark ellenberg is off for passover,356,Is Mark Ellenberg off for the holiday?,Mark Ellenberg is off for Passover.,8,2,Have you heard when Mark Ellenberg will be back from his religious vacation?,Mark Ellenberg is off for Passover.,5,2,Mark Ellenberg is off for Passover.,3,low,3.0,6,high,high,low,high,high,high,3.0,2.6,16.377197199999998,16.377197199999998,16.377197199999998,6.5,low
i saw your 530 am message,358,did you forget to wake me up for my meeting?,I saw your 5:30 AM message!,4,1,Did you finish the report for tomorrow's meeting?,I saw your 5:30 AM message!,10,2,I saw your 5:30 AM message!,0,low,2.0,6,low,high,medium,low,low,medium,2.2,2.0,17.1136388,17.1136388,17.1136388,7.0,low
i am unavailable for the 1pm meeting,364,Can you confirm your availability for the 1PM meeting on Friday?,I am unavailable for the 1PM meeting.,8,1,I've scheduled a meeting for us at 1PM tomorrow. Is that convenient for you?,I am unavailable for the 1PM meeting.,8,2,I am unavailable for the 1PM meeting.,3,low,4.0,7,low,low,low,low,low,medium,1.4,1.0,18.17262655,18.17262655,18.17262655,8.0,low
were planning to go to west virginia for christmas,369,Have you guys decided on holiday plans yet?,We're planning to go to West Virginia for Christmas.,6,2,Have you decided on your holiday destination for Christmas?,We're planning to go to West Virginia for Christmas.,7,2,We're planning to go to West Virginia for Christmas.,3,low,4.0,9,medium,identical,high,high,high,high,2.2,1.8,16.899738199999998,16.899738199999998,16.899738199999998,6.5,low
happy valentines day,370,are you planning on doing anything special for Valentine's Day?,Happy Valentine's Day,8,3,I've received a beautiful red rose today,Happy Valentine's Day,10,2,Happy Valentine's Day,2,low,10.0,3,low,high,high,high,high,low,2.2,2.2,16.6944195,16.6944195,16.6944195,9.0,low
i talked to duran,377,How did you meet Duran?,I talked to Duran.,8,3,Have you spoken with Duran about the upcoming project proposal?,I talked to Duran.,10,2,I talked to Duran.,8,high,1.0,4,low,low,medium,high,medium,low,1.4,1.2,13.4119104,13.4119104,13.4119104,9.0,high
going well here,379,How's your job search going?,Going well here.,8,2,How's the progress on your project?,Going well here.,10,2,Going well here.,9,high,1.0,3,low,medium,medium,high,low,low,1.8,1.6,12.4797615,12.4797615,12.4797615,9.0,high
i am at the lake,383,are you having fun?,I am at the lake.,8,1,Have you gone to the lake where we used to have picnics?,I am at the lake.,10,2,I am at the lake.,8,high,2.0,5,medium,medium,medium,low,high,low,1.4,2.0,12.1137542,12.1137542,12.1137542,9.0,high
i told you silly,385,I'm running late because I forgot my keys again,I told you silly.,6,1,"You forgot your umbrella today, didn't you?",I told you silly.,7,2,I told you silly.,9,high,1.0,4,low,high,low,low,low,medium,2.2,1.8,12.631928299999998,12.631928299999998,12.631928299999998,6.5,high
thanks for your concern,390,How are you feeling after the accident?,Thanks for your concern.,8,1,Have you heard about the recent earthquake in Japan?,Thanks for your concern.,10,2,Thanks for your concern.,8,high,1.0,4,low,low,low,high,low,low,1.4,1.0,13.2493064,13.2493064,13.2493064,9.0,high
thursday works better for me,391,Can you make it to our meeting on Wednesday?,Thursday works better for me.,7,2,Can we meet next week to discuss the project proposal?,Thursday works better for me.,8,2,Thursday works better for me.,9,high,2.0,5,low,low,low,high,high,low,1.4,1.0,13.2387568,13.2387568,13.2387568,7.5,high
joel ephross on issues reacquiring economic interestsswaps from jedi2whitewing,394,The latest economic report suggests that the stock market will fluctuate wildly.,Joel Ephross on issues reacquiring economic interests/swaps from Jedi2/Whitewing.,0,3,Have you heard about the recent financial negotiations between Joel Ephross and Jedi2/Whitewing?,Joel Ephross on issues reacquiring economic interests/swaps from Jedi2/Whitewing.,5,2,Joel Ephross on issues reacquiring economic interests/swaps from Jedi2/Whitewing.,1,low,12.0,9,low,medium,medium,high,low,low,1.8,1.6,25.87075735,25.87075735,25.87075735,2.5,low
chase back office and their restart plan updates individually,395,Can you provide the restart plan update for our project?,Chase back office and their restart plan updates individually.,4,2,Have you received the latest updates from Chase's back office regarding their restart plan?,Chase back office and their restart plan updates individually.,5,2,Chase back office and their restart plan updates individually.,1,low,9.0,9,low,medium,low,high,low,low,1.8,1.4,18.0823196,18.0823196,18.0823196,4.5,low
i am all over it,399,did you finish the project?,I am all over it.,8,2,Have you finished preparing the marketing strategy for our new product?,I am all over it.,10,2,I am all over it.,7,high,2.0,5,low,high,medium,high,low,medium,2.6,2.0,11.8490182,11.8490182,11.8490182,9.0,high
9 am update meeting,402,when do we have the project review meeting scheduled for today?,9 AM update meeting.,8,1,Have you finalized the project timeline for next month?,9 AM update meeting.,8,2,9 AM update meeting.,2,low,0.0,4,medium,medium,low,high,low,low,1.8,1.8,15.6839796,15.6839796,15.6839796,8.0,low
i guess thats additive to my stretch,404,I'm feeling exhausted from my morning workout,I guess that's additive to my stretch?,6,2,Have you finished reading the new marketing report?,I guess that's additive to my stretch?,5,3,I guess that's additive to my stretch?,2,low,4.0,7,low,low,low,high,low,low,1.4,1.0,17.7958601,17.7958601,17.7958601,5.5,low
yes i did,408,did you just eat the last slice of pizza?,Yes I did.,8,1,Did you finish the report on global warming?,Yes I did.,8,2,Yes I did.,7,high,1.0,3,low,low,high,low,high,high,1.8,1.4,12.7980197,12.7980197,12.7980197,8.0,high
i told you that you were a trouble maker,410,i know you're the one who started the fire at our school's library yesterday,I told you that you were a trouble maker!,8,2,I found your phone with an unknown number calling it repeatedly,I told you that you were a trouble maker!,5,2,I told you that you were a trouble maker!,3,low,4.0,9,medium,high,low,high,low,low,2.2,2.2,16.109479999999998,16.109479999999998,16.109479999999998,6.5,low
little value to the pipes,412,How do pipes affect the water pressure in the system?,Little value to the pipes.,6,3,Have you checked the water pressure in the old house?,Little value to the pipes.,5,2,Little value to the pipes.,7,high,2.0,5,medium,low,low,high,low,low,1.4,1.4,13.1909191,13.1909191,13.1909191,5.5,high
what is the mood,415,I'm feeling so down today,What is the mood?,8,1,"The weather today is quite unpredictable, what is the mood?",What is the mood?,10,2,What is the mood?,8,high,-3.0,4,low,medium,low,high,low,medium,2.2,1.4,12.0601551,12.0601551,12.0601551,9.0,high
i have some more data coming,417,can you confirm the accuracy of these numbers?,I have some more data coming.,4,2,Have you found any new sales figures for Q3?,I have some more data coming.,9,2,I have some more data coming.,7,high,2.0,6,low,low,low,low,low,low,1.0,1.0,13.3994913,13.3994913,13.3994913,6.5,high
i thought so,418,did you really forget our anniversary?,I thought so.,8,1,Do you think the new project will require extensive coding?,I thought so.,8,2,I thought so.,7,high,1.0,3,low,low,low,high,low,high,2.2,1.0,12.2229645,12.2229645,12.2229645,8.0,high
try to survive,427,Are you prepared for the apocalypse?,Try to survive!,8,3,"The storm is coming, what should we do?",Try to survive!,10,2,Try to survive!,3,low,1.0,3,low,low,low,high,low,low,1.4,1.0,15.4718295,15.4718295,15.4718295,9.0,low
i am on my way,431,are you coming to meet me at the party tonight?,I am on my way.,8,1,I need you to bring the blue folder from work.,I am on my way.,8,2,I am on my way.,8,high,2.0,5,low,high,medium,low,low,medium,2.2,2.0,11.9063705,11.9063705,11.9063705,8.0,high
just playing with you,435,are you busy today?,Just playing with you!,8,1,Do you believe in ghosts?,Just playing with you!,10,2,Just playing with you!,9,high,3.0,4,low,low,low,high,low,low,1.4,1.0,13.29035,13.29035,13.29035,9.0,high
or if he comes down i10n then,446,Have you seen the traffic report for I-10?,Or if he comes down I-10N then?,7,3,John will be arriving from the north. Which highway should I suggest he takes?,Or if he comes down I-10N then?,7,2,Or if he comes down I-10N then?,2,low,3.0,7,low,high,medium,high,low,low,2.2,2.0,17.91026755,17.91026755,17.91026755,7.0,low
thanks for checking with me,447,Are we on schedule for the project deadline?,Thanks for checking with me.,8,1,Have you finished the report on sales figures for Q3?,Thanks for checking with me.,9,2,Thanks for checking with me.,8,high,2.0,5,low,medium,medium,low,low,low,1.4,1.6,13.6391555,13.6391555,13.6391555,8.5,high
this is very sensitive,448,can you keep my deepest secret?,This is very sensitive.,8,3,I've found some confidential files on your computer.,This is very sensitive.,5,3,This is very sensitive.,9,high,4.0,4,medium,high,medium,high,high,medium,2.6,2.4,13.478109,13.478109,13.478109,6.5,high
what is the stock price doing,450,The market is fluctuating wildly today,What is the stock price doing?,8,2,The NASDAQ index has reached an all-time high today.,What is the stock price doing?,8,2,What is the stock price doing?,7,high,2.0,6,high,medium,high,medium,low,medium,2.0,2.6,13.6634004,13.6634004,13.6634004,8.0,high
this financing shows up as minority interest,451,Can you explain the ownership structure of our company's recent investment?,This financing shows up as minority interest.,6,2,Have you checked the company's latest financial statement?,This financing shows up as minority interest.,3,2,This financing shows up as minority interest.,3,low,12.0,7,low,medium,low,medium,low,medium,2.0,1.4,15.9546154,15.9546154,15.9546154,4.5,low
thank you for your call,452,How do you like the new phone I just bought?,Thank you for your call.,0,2,I've found an important document in your office. Can you please identify its content?,Thank you for bringing it to my attention.,8,2,Thank you for your call.,7,high,0.0,5,low,low,low,high,low,low,1.4,1.0,-1.0,13.00477,13.00477,4.0,high
what did mark say,456,Did Mark say something about the meeting?,What did Mark say?,8,2,Mark mentioned the details of his new project at the meeting today.,What did Mark say?,8,2,What did Mark say?,7,high,0.0,4,medium,high,medium,low,high,medium,2.2,2.4,13.0966,13.0966,13.0966,8.0,high
lisa mellencamp on any issues regarding pending litigation,457,Are we in compliance with all regulatory requirements?,Lisa Mellencamp on any issues regarding pending litigation.,4,3,Have you heard about the recent court ruling on privacy laws?,Lisa Mellencamp on any issues regarding pending litigation.,5,3,Lisa Mellencamp on any issues regarding pending litigation.,2,low,13.0,8,low,high,medium,high,low,low,2.2,2.0,18.4305641,18.4305641,18.4305641,4.5,low
are you in today,460,"I'm running late for school today, why did the bus break down?",Are you in today?,6,2,I'll be at the office if you need anything,Are you in today?,10,1,Are you in today?,9,high,1.0,4,medium,low,medium,high,medium,low,1.4,1.6,12.5677645,12.5677645,12.5677645,8.0,high
the meteor shower was incredible last night,465,Did you get to see the meteor shower last night?,The meteor shower was incredible last night.,8,2,Did you get a chance to see the night sky last night?,The meteor shower was incredible last night.,8,2,The meteor shower was incredible last night.,3,low,10.0,7,medium,high,low,high,medium,high,3.0,2.2,15.8032075,15.8032075,15.8032075,8.0,low
ill let you know when i figure it out,470,can you figure out how to fix my computer?,I'll let you know when I figure it out!,6,2,I need help decoding this complex algorithm.,I'll let you know when I figure it out!,5,3,I'll let you know when I figure it out!,3,low,0.0,9,low,low,low,low,low,low,1.0,1.0,16.8923029,16.8923029,16.8923029,5.5,low
would you mind doing the following,472,Can you please book a flight for me to London?,Would you mind doing the following? Confirm my travel dates are correct: 24th Feb - 3rd Mar,8,2,Can you please pass me the salt during dinner?,Would you mind doing the following: passing me the salt during dinner?,10,1,Would you mind doing the following?,7,high,7.0,6,low,high,medium,low,low,low,1.8,2.0,-1.0,-1.0,-1.0,9.0,high
the socal meeting was very beneficial,475,How was your experience at the SoCal conference?,The SoCal meeting was very beneficial.,8,2,Have you gained valuable insights from the recent SoCal business conference?,The SoCal meeting was very beneficial.,8,2,The SoCal meeting was very beneficial.,2,low,8.0,6,medium,high,low,high,medium,high,3.0,2.2,15.658892899999998,15.658892899999998,15.658892899999998,8.0,low
we just need a sitter,482,Are you free to watch the kids tonight?,We just need a sitter.,8,1,I heard you're having a babysitter issue.,We just need a sitter.,8,1,We just need a sitter.,8,high,2.0,5,medium,low,low,low,low,medium,1.4,1.4,13.5456533,13.5456533,13.5456533,8.0,high
she just came,492,who just walked in?,She just came.,8,1,I see Susan's car in the driveway.,She just came.,10,2,She just came.,7,high,1.0,3,high,high,medium,low,high,low,1.8,2.8,12.24952,12.24952,12.24952,9.0,high
this is good i think,493,Did you try that new restaurant downtown?,This is good I think.,7,1,Have you tried the new Italian restaurant downtown?,This is good I think.,8,2,This is good I think.,9,high,2.0,5,low,medium,medium,low,low,low,1.4,1.6,12.6522464,12.6522464,12.6522464,7.5,high
it is not surprising,494,the new employee's skills and experience are quite surprising.,It is not surprising.,4,2,Did you hear about the new research on artificial intelligence?,It is not surprising.,5,3,It is not surprising.,7,high,2.0,4,low,low,low,medium,low,low,1.2,1.0,13.010001,13.010001,13.010001,4.5,high
can you get me the calger letter done,503,Can I get the Caltech letter done by tomorrow?,Can you get me the Calger letter done?,6,3,I need to submit the report by tomorrow,Can you get me the Calger letter done?,8,2,Can you get me the Calger letter done?,3,low,3.0,8,low,low,low,high,low,medium,1.8,1.0,18.1488285,18.1488285,18.1488285,7.0,low
money wise that is,514,are you free to grab lunch today?,money wise that is,7,2,Have you checked the latest stock market trends?,Money wise that is.,5,3,Money wise that is.,8,high,1.0,4,medium,high,medium,high,low,low,2.2,2.4,13.30183353,11.2304719,12.266152715,6.0,high
will let you know how call goes in morning,515,did you talk to the manager about my project?,Will let you know how call goes in morning.,4,2,I have an important business call in the morning.,Will let you know how call goes in morning.,8,2,Will let you know how call goes in morning.,3,low,1.0,9,low,medium,low,high,low,low,1.8,1.4,16.2778952,16.2778952,16.2778952,6.0,low
he is at 281 350 8441,516,where can I reach John?,He is at 281 350 8441.,8,1,I need to contact John urgently.,He is at 281 350 8441.,7,1,He is at 281 350 8441.,2,low,2.0,6,low,high,low,high,high,high,3.0,1.8,17.45877015,17.45877015,17.45877015,7.5,low
what is wrong,518,I'm feeling really down today and I don't know why,What is wrong?,8,1,I can't seem to access my account,What is wrong?,8,2,What is wrong?,10,high,1.0,3,low,low,low,high,low,medium,1.8,1.0,12.339479999999998,12.339479999999998,12.339479999999998,8.0,high
just got this,525,Have you received the package yet?,Just got this.,6,1,Did you receive the latest company report?,Just got this.,8,2,Just got this.,7,high,1.0,3,low,medium,medium,low,low,low,1.4,1.6,12.15231,12.15231,12.15231,7.0,high
weather is bad here,527,Is it raining outside?,Weather is bad here.,8,1,I hope you're not planning to go out today,Weather is bad here.,8,2,Weather is bad here.,7,high,1.0,4,medium,high,medium,high,low,medium,2.6,2.4,13.0520264,13.0520264,13.0520264,8.0,high
where are you,528,where are you meeting me for lunch?,Where are you?,8,2,I'm at the red traffic light near the city hall.,Where are you?,8,2,Where are you?,9,high,1.0,3,low,high,medium,high,low,medium,2.6,2.0,12.263939999999998,12.263939999999998,12.263939999999998,8.0,high
thanks good job,539,"I just finished that report, what do you think?",Thanks good job.,8,2,Your presentation was excellent.,Thanks good job.,10,1,Thanks good job.,8,high,0.0,3,low,medium,medium,high,low,low,1.8,1.6,12.883403,12.883403,12.883403,9.0,high
on my way back,544,"I'm waiting at the airport, how much longer until you arrive?",On my way back.,8,2,Have you finished the report on the Q1 sales?,On my way back.,8,2,On my way back.,8,high,0.0,4,low,low,low,high,low,medium,1.8,1.0,12.1616529,12.1616529,12.1616529,8.0,high
maybe you can leave early,547,"I'm running late for the meeting, can I make up some lost time?",Maybe you can leave early.,6,2,Your flight has been cancelled.,Maybe you can leave early.,3,1,Maybe you can leave early.,7,high,2.0,5,medium,medium,low,low,low,medium,1.8,1.8,13.6510536,13.6510536,13.6510536,4.5,high
why do you ask,551,why did my best friend move to another city?,Why do you ask?,8,2,"I see you've changed your phone number, why do you ask?",I actually just got a new number,8,2,Why do you ask?,8,high,0.0,4,low,high,low,low,low,medium,2.2,1.8,-1.0,13.06555353,13.06555353,8.0,high
quick updates spoke with larry lawyer at egm,553,Have we settled the legal dispute yet?,Quick updates: spoke with Larry lawyer at EGM.,6,3,Have you made any progress with the legal matter regarding the business merger?,Quick updates: spoke with Larry lawyer at EGM.,5,2,Quick updates: spoke with Larry lawyer at EGM.,3,low,3.0,8,low,high,medium,medium,low,low,2.0,2.0,18.2708761,18.2708761,18.2708761,5.5,low
i love you too,554,Will you be mine forever?,I love you too.,8,2,You look beautiful today,I love you too.,10,1,I love you too.,7,high,0.0,4,low,low,low,high,low,low,1.4,1.0,11.6777029,11.6777029,11.6777029,9.0,high
she has a web address,562,Who designed the World Wide Web?,She has a web address.,8,3,I found her contact details on the company's website.,She has a web address.,9,1,She has a web address.,7,high,2.0,5,low,low,medium,high,low,low,1.4,1.2,13.4406832,13.4406832,13.4406832,8.5,high
i was planning to attend,565,Will you be able to attend the meeting tomorrow?,I was planning to attend.,8,1,Are you coming to the book club meeting on Sunday?,I was planning to attend.,8,2,I was planning to attend.,8,high,2.0,5,medium,high,medium,low,high,medium,2.2,2.4,13.0028352,13.0028352,13.0028352,8.0,high
that would be great,566,Are you free for our meeting tomorrow?,That would be great.,8,1,Can we meet at the usual place tomorrow?,That would be great.,10,1,That would be great.,8,high,0.0,4,medium,high,medium,high,high,high,3.0,2.4,11.9438467,11.9438467,11.9438467,9.0,high
probably will be working,575,are you available for our meeting tomorrow?,Probably will be working.,4,2,Do you have plans for the upcoming company event?,Probably will be working,5,2,Probably will be working.,9,high,7.0,4,low,medium,medium,high,low,medium,2.2,1.6,12.6947471,13.70412,13.19943355,4.5,high
what is the cost issue,577,can you order me the new iPhone 13?,What is the cost issue?,6,3,"The price of the new iPhone model is quite high, don't you think?",What is the cost issue?,8,2,What is the cost issue?,8,high,2.0,5,medium,medium,medium,low,low,low,1.4,2.0,12.6974176,12.6974176,12.6974176,7.0,high
what a jerk,581,Why did you leave your dirty socks on the kitchen counter?,What a jerk.,6,2,Why would you do something so thoughtless?,What a jerk.,5,2,What a jerk.,8,high,1.0,3,medium,low,low,high,low,low,1.4,1.4,12.703728299999998,12.703728299999998,12.703728299999998,5.5,high
heres my work email kaymannenroncom,583,can you send me the quarterly earnings report?,Here's my work email (kay.mann@enron.com).,5,3,I noticed you mentioned Enron in our last meeting. Could you please provide your work email?,Here's my work email (kay.mann@enron.com).,8,2,Here's my work email (kay.mann@enron.com).,2,low,8.0,5,low,medium,low,high,low,low,1.8,1.4,24.0943185,24.0943185,24.0943185,6.5,low
is that enough for this week,584,can you prioritize the tasks for our project?,Is that enough for this week?,6,1,I have scheduled 10 meetings for you this week.,Is that enough for this week?,8,2,Is that enough for this week?,7,high,0.0,6,medium,medium,medium,high,high,low,1.8,2.0,13.3981329,13.3981329,13.3981329,7.0,high
sorry but im hostage in meeting in 39c1,595,are you free to grab lunch today?,Sorry but I'm hostage in meeting room 39c1.,8,3,Have you finished preparing the report for the board meeting?,Sorry but I'm hostage in meeting in 39c1.,0,3,Sorry but I'm hostage in meeting in 39c1.,3,low,3.0,8,low,low,low,low,low,low,1.0,1.0,19.0714388,-1.0,19.0714388,4.0,low
issue on post bankruptcy price risk issue remains,602,Have you reviewed the post-bankruptcy financial reports?,Issue on post bankruptcy price risk issue remains.,6,3,Have you resolved the dispute regarding the post-bankruptcy pricing adjustments?,Issue on post bankruptcy price risk issue remains.,5,3,Issue on post bankruptcy price risk issue remains.,2,low,8.0,8,medium,low,low,high,low,low,1.4,1.4,17.3790893,17.3790893,17.3790893,5.5,low
what enron entity owns the eott gp,613,What is the primary generator that produces electricity from natural gas in North America?,What Enron entity owns the EOTT GP?,8,3,Do you know which Enron entity manages the EOTT investments?,What Enron entity owns the EOTT GP?,5,2,What Enron entity owns the EOTT GP?,2,low,4.0,7,low,medium,medium,high,low,low,1.8,1.6,19.87278575,19.87278575,19.87278575,6.5,low
i will be back friday,621,Are you attending the team meeting on Friday?,I will be back Friday.,8,1,Do you have plans for next week?,I will be back Friday.,8,2,I will be back Friday.,8,high,2.0,5,low,medium,low,high,low,low,1.8,1.4,12.0424933,12.0424933,12.0424933,8.0,high
two days when,624,When will we meet again?,Two days when?,8,2,I'll be free to meet next week on Monday or Thursday.,Two days when?,10,2,Two days when?,10,high,1.0,3,low,high,medium,high,low,low,2.2,2.0,13.6802,13.6802,13.6802,9.0,high
its not working very well,629,can you hear me now?,it's not working very well.,5,1,Have you tried updating the app recently?,It's not working very well.,7,2,It's not working very well.,7,high,3.0,5,medium,medium,medium,low,low,low,1.4,2.0,13.0848368,12.3709068,12.727871799999999,6.0,high
let him pursue his claims with everyone else,632,Have you ever encountered someone with an unproven claim?,Let him pursue his claims with everyone else.,6,2,He insists that he is the rightful heir to the throne.,Let him pursue his claims with everyone else.,5,2,Let him pursue his claims with everyone else.,3,low,4.0,8,medium,high,medium,low,low,medium,2.2,2.4,16.0696825,16.0696825,16.0696825,5.5,low
if not can i call you,636,Are you free to meet up tomorrow?,If not can I call you?,8,2,"I've lost my way, can you give me directions?","If not, can I call you?",8,1,If not can I call you?,9,high,0.0,6,low,high,low,high,low,low,2.2,1.8,14.0774959,13.2614045,13.6694502,8.0,high
we are still in palacios having a quiet am,637,Where are we having lunch today?,"We are still in Palacios, having a quiet AM.",8,2,Did you receive the email about our plans for this weekend?,"We are still in Palacios, having a quiet AM.",5,2,"We are still in Palacios, having a quiet AM.",3,low,4.0,9,low,low,low,low,low,medium,1.4,1.0,17.45854,17.45854,17.45854,6.5,low
no to both,638,am i going to the concert tonight?,No to both.,6,2,Do you have the latest version of our project proposal?,No to both.,0,3,No to both.,8,high,1.0,3,medium,low,low,low,low,low,1.0,1.4,11.4660445,11.4660445,11.4660445,3.0,high
i also just received my blackberry cool,643,"I just got my new smartphone, what do you think?","I also just received my Blackberry, cool.",6,2,Have you received your new work phone yet?,"I also just received my Blackberry, cool.",8,2,"I also just received my Blackberry, cool.",3,low,6.0,7,low,medium,medium,high,low,medium,2.2,1.6,16.507189,16.507189,16.507189,7.0,low
i will likely not be available,647,can you make it to my birthday party tomorrow?,I will likely not be available.,6,2,Do you have time for a quick call tonight?,I will likely not be available.,7,2,I will likely not be available.,7,high,2.0,6,medium,low,low,high,medium,medium,1.8,1.4,13.5736351,13.5736351,13.5736351,6.5,high
im on 6,648,What's the best way to get there?,I'm on 6.,8,2,"Meet me at the usual spot, what number should I dial?",I'm on 6.,10,2,I'm on 6.,7,high,1.0,3,low,low,medium,high,low,low,1.4,1.2,12.8992,12.8992,12.8992,9.0,high
ill meet you at bill sperrys office at 1230,650,Where are we meeting for the project discussion today?,I'll meet you at Bill Sperry's office at 12:30.,8,1,Let's discuss the Bill Sperry project proposals at his office today.,I'll meet you at Bill Sperry's office at 12:30.,8,2,I'll meet you at Bill Sperry's office at 12:30.,3,low,4.0,9,low,high,high,high,high,high,3.0,2.2,19.94385315,19.94385315,19.94385315,8.0,low
both of us are still here,659,are you still in the meeting?,Both of us are still here.,8,2,Have you received my email about the meeting tomorrow?,Both of us are still here.,10,2,Both of us are still here.,8,high,0.0,6,low,high,low,high,low,medium,2.6,1.8,12.917246,12.917246,12.917246,9.0,high
not even in yet,662,are you even watching the game?,Not even in yet.,8,1,Have you started the new project at work?,Not even in yet.,6,2,Not even in yet.,8,high,0.0,4,low,medium,medium,low,low,low,1.4,1.6,11.60951923,11.60951923,11.60951923,7.0,high
see you then,664,Can I see you at 5 pm today?,See you then,8,1,"I'll bring the chips for our movie night, right?",See you then.,10,1,See you then,7,high,1.0,3,low,high,medium,low,low,medium,2.2,2.0,12.504033,10.9834615,11.74374725,9.0,high
see you then,664,Can I see you at 5 pm today?,See you then,8,1,"I'll bring the chips for our movie night, right?",See you then.,10,1,See you then,7,high,1.0,3,low,high,medium,low,low,medium,2.2,2.0,12.504033,12.504033,12.504033,9.0,high
any interest in chatting about a job at ubs,670,How's the job market in Zurich?,Any interest in chatting about a job at UBS?,8,2,I heard UBS is hiring for new positions,Any interest in chatting about a job at UBS?,8,2,Any interest in chatting about a job at UBS?,3,low,4.0,9,medium,high,medium,high,high,low,2.2,2.4,17.4894699,17.4894699,17.4894699,8.0,low
how soon do you need it,674,can you send me the updated project report by tomorrow?,How soon do you need it?,8,1,I need the report completed for the board meeting tomorrow.,How soon do you need it?,10,2,How soon do you need it?,8,high,0.0,6,low,medium,medium,high,high,high,2.6,1.6,13.68838877,13.68838877,13.68838877,9.0,high
how are things with you,675,I'm stuck in traffic and I'm going to be late for work,How are things with you?,8,2,I've just received great news from my doctor,How are things with you?,10,2,How are things with you?,7,high,0.0,5,low,medium,medium,high,low,low,1.8,1.6,12.6786426,12.6786426,12.6786426,9.0,high
i left a message,681,did you record the meeting?,I left a message.,6,1,Have you finished preparing the report for tomorrow's meeting?,I left a message.,8,2,I left a message.,7,high,1.0,4,low,low,low,low,low,low,1.0,1.0,12.2279738,12.2279738,12.2279738,7.0,high
i am not aware of any,684,is the new moon visible in the city tonight?,I am not aware of any.,5,1,Have you received the latest company financial report?,I am not aware of any.,3,2,I am not aware of any.,7,high,2.0,6,medium,low,low,low,medium,low,1.0,1.4,13.5151904,13.5151904,13.5151904,4.0,high
perhaps there was a glitch,686,did the conference registration system fail again today?,Perhaps there was a glitch.,8,2,The stock market numbers seem odd today.,Perhaps there was a glitch.,7,2,Perhaps there was a glitch.,7,high,2.0,5,medium,low,low,high,medium,high,2.2,1.4,13.5946132,13.5946132,13.5946132,7.5,high
we havent sold the us business as yet,694,are we prepared to list the US subsidiary?,We haven't sold the US business as yet.,8,2,Have you made any decisions about the US division's future?,We haven't sold the US business as yet.,8,2,We haven't sold the US business as yet.,2,low,1.0,8,low,low,low,medium,medium,medium,1.6,1.0,16.1990488,16.1990488,16.1990488,8.0,low
we need to talk about this month,704,why are my credit card payments overdue?,We need to talk about this month.,8,2,You haven't paid rent this month.,We need to talk about this month.,8,2,We need to talk about this month.,9,high,0.0,7,medium,medium,low,high,low,medium,2.2,1.8,13.5930365,13.5930365,13.5930365,8.0,high
how is it going,705,how's your flight to London going?,How is it going?,6,2,I've completed the project you assigned me last week,How is it going?,8,2,How is it going?,7,high,1.0,4,low,identical,high,high,low,low,1.4,1.4,12.6433453,12.6433453,12.6433453,7.0,high
what about jay,708,Did you know that the new employee is not getting along with the team?,What about Jay?,8,2,Susan mentioned she saw Jay at the park yesterday.,What about Jay?,8,2,What about Jay?,9,high,1.0,3,low,low,medium,high,low,low,1.4,1.2,13.4345015,13.4345015,13.4345015,8.0,high
i tried that to no avail,709,"I'm struggling to fix my computer, have you tried troubleshooting the BIOS?",I tried that to no avail.,6,1,Have you tried restarting your computer?,I tried that to no avail.,8,2,I tried that to no avail.,7,high,-2.0,6,low,low,low,medium,medium,medium,1.6,1.0,13.1863962,13.1863962,13.1863962,7.0,high
thats not the behavior that i was looking for,710,I'm frustrated with the new employee's lack of communication skills,That's not the behavior that I was looking for.,6,2,I promised to help you move next Saturday,That's not the behavior that I was looking for.,8,2,That's not the behavior that I was looking for.,1,low,5.0,9,low,high,low,low,low,medium,2.2,1.8,16.3659283,16.3659283,16.3659283,7.0,low
im quite interested as i told lyn,712,What are your plans for the weekend?,I'm quite interested as I told Lyn.,4,2,Have you heard about the latest research in quantum physics?,I'm quite interested as I told Lyn.,5,3,I'm quite interested as I told Lyn.,3,low,4.0,7,low,low,medium,high,low,low,1.4,1.2,17.4909,17.4909,17.4909,4.5,low
neil has been asking around,718,What's the latest rumour about Neil Armstrong?,Neil has been asking around.,6,2,Have you heard who won the Nobel Prize in Chemistry this year?,Neil has been asking around.,5,2,Neil has been asking around.,8,high,2.0,5,low,low,low,high,low,medium,1.8,1.0,13.4428533,13.4428533,13.4428533,5.5,high
we are having fun,719,Are we having the best day ever?,We are having fun.,8,1,Let's make some popcorn and watch a movie.,We are having fun.,10,2,We are having fun.,7,high,1.0,4,low,medium,medium,low,low,medium,1.8,1.6,12.4352967,12.4352967,12.4352967,9.0,high
not a problem,730,can you help me find the nearest pharmacy?,Not a problem.,8,2,Can you bring the milk from the store on your way home?,Not a problem.,8,1,Not a problem.,7,high,1.0,3,medium,low,low,high,high,medium,1.8,1.4,12.0651395,12.0651395,12.0651395,8.0,high
call me tonight 7139736325,732,Are you free to grab dinner tonight?,Call me tonight 7139736325.,8,2,"I've found an old number in my contacts, do you know who it belongs to?",Call me tonight 7139736325.,8,2,Call me tonight 7139736325.,0,low,0.0,4,low,high,low,high,low,low,2.2,1.8,19.7346322,19.7346322,19.7346322,8.0,low
maybe michael will go to quil tomorrow,733,Is Michael going to Quil tomorrow?,Maybe Michael will go to Quil tomorrow.,6,3,Do you think Quil's workshop might be held on Thursday instead of Wednesday?,Maybe Michael will go to Quil tomorrow.,6,1,Maybe Michael will go to Quil tomorrow.,2,low,3.0,7,low,high,medium,medium,low,medium,2.4,2.0,16.6873252,16.6873252,16.6873252,6.0,low
we sold the uk business to aep,738,Did we finally complete the AEP deal?,We sold the UK business to AEP.,8,2,I heard rumors of a major business deal. What's the latest?,We sold the UK business to AEP.,8,2,We sold the UK business to AEP.,3,low,0.0,7,low,high,low,high,medium,low,2.2,1.8,16.66211415,16.66211415,16.66211415,8.0,low
the master agreement references the trading business,739,What are the key terms for our international trade agreement?,The master agreement references the trading business.,8,2,Have you reviewed the terms of the new business contract?,The master agreement references the trading business.,8,2,The master agreement references the trading business.,3,low,10.0,7,low,high,medium,high,low,medium,2.6,2.0,15.667342899999998,15.667342899999998,15.667342899999998,8.0,low
go to 16,755,where did you leave the car keys?,Go to 16.,8,3,"I've lost my way in this maze of streets, can you help?",Go to 16.,5,2,Go to 16.,7,high,1.0,3,medium,medium,low,high,low,low,1.8,1.8,11.5539315,11.5539315,11.5539315,6.5,high
good for you,763,I just got accepted into my dream college!,Good for you.,6,2,You finally got promoted!,Good for you.,10,1,Good for you.,9,high,1.0,3,low,low,low,high,low,low,1.4,1.0,11.2502115,11.2502115,11.2502115,8.0,high
board meeting running long,767,How's the board meeting going?,Board meeting running long.,6,1,Have you finished preparing the financial reports for next quarter?,Board meeting running long.,3,2,Board meeting running long.,9,high,0.0,4,low,low,low,medium,low,medium,1.6,1.0,13.611493,13.611493,13.611493,4.5,high
have a great day,768,I'm so excited for my summer vacation tomorrow!,Have a great day!,9,1,I appreciate your help with my project,Have a great day!,10,1,Have a great day!,7,high,0.0,4,low,low,low,high,low,low,1.4,1.0,13.4443045,13.4443045,13.4443045,9.5,high
how are things,780,How was your weekend?,How are things?,8,1,I've just received great news from my doctor.,How are things?,8,2,How are things?,7,high,1.0,3,low,medium,medium,high,low,medium,2.2,1.6,13.220676,13.220676,13.220676,8.0,high
meeting with alaska governor tony knowles on november 30th,787,Are you attending the upcoming conference?,Meeting with Alaska Governor Tony Knowles on November 30th.,4,3,Have you arranged any meetings with notable political figures in the near future?,Meeting with Alaska Governor Tony Knowles on November 30th.,5,2,Meeting with Alaska Governor Tony Knowles on November 30th.,0,low,8.0,9,medium,high,medium,high,high,low,2.2,2.4,18.7488595,18.7488595,18.7488595,4.5,low
coal switching to ng and power guys stimulating demand,790,Will the US Energy Transition be driven by coal or natural gas?,Coal switching to NG and power guys stimulating demand.,6,2,Have you heard about the shift from coal to natural gas in the power sector?,Coal switching to NG and power guys stimulating demand.,3,2,Coal switching to NG and power guys stimulating demand.,3,low,8.0,9,medium,high,high,low,low,low,1.8,2.6,19.0378052,19.0378052,19.0378052,4.5,low
have a happy thanksgiving,792,What are your plans for Thanksgiving dinner?,Have a Happy Thanksgiving.,8,1,Let's talk about your favorite Thanksgiving dish,Have a Happy Thanksgiving.,10,2,Have a Happy Thanksgiving.,3,low,2.0,4,low,low,low,low,low,low,1.0,1.0,15.7803552,15.7803552,15.7803552,9.0,low
we will keep you posted,793,When will the new product launch?,We will keep you posted.,8,1,Have you made a decision about the new project yet?,We will keep you posted.,8,2,We will keep you posted.,8,high,0.0,5,low,low,low,low,low,low,1.0,1.0,13.4514967,13.4514967,13.4514967,8.0,high
no surprise there,796,the boss's favourite coffee shop has been closed due to health issues.,No surprise there.,8,2,John always forgets important deadlines.,No surprise there.,8,2,No surprise there.,8,high,1.0,3,medium,low,low,low,low,low,1.0,1.4,13.4287245,13.4287245,13.4287245,8.0,high
if not i can try information in omaha,799,Can you find the information I need in the Omaha records?,"If not, I can try information in Omaha.",8,2,I need the latest stock prices for Omaha's leading tech companies.,"If not, I can try information in Omaha.",8,2,"If not, I can try information in Omaha.",2,low,8.0,8,low,high,low,high,low,medium,2.6,1.8,16.5012437,16.5012437,16.5012437,8.0,low
it went well,801,Did you attend the meeting yesterday?,It went well.,6,2,Did the interview go smoothly?,It went well.,8,2,It went well.,7,high,1.0,3,low,medium,medium,high,medium,low,1.8,1.6,11.3948697,11.3948697,11.3948697,7.0,high
we are sitting in weils offices waiting to negotiate,802,Can we finalize the merger talks today?,"We are sitting in Weil's offices, waiting to negotiate.",5,2,Let's meet at Weil's offices to discuss the deal terms.,"We are sitting in Weil's offices, waiting to negotiate.",9,1,"We are sitting in Weil's offices, waiting to negotiate.",2,low,8.0,9,low,high,high,high,high,low,2.2,2.2,19.55507685,19.55507685,19.55507685,7.0,low
are you going to call,805,Are you going to call me back after the meeting?,Are you going to call?,8,2,Do you have the meeting details for tomorrow?,Are you going to call?,8,2,Are you going to call?,8,high,2.0,5,low,medium,low,low,low,low,1.4,1.4,13.2702836,13.2702836,13.2702836,8.0,high
did that happen,806,I just saw the funniest video of you trying to cook dinner!,Did that happen?,9,2,I saw a shooting star last night,Did that happen?,8,2,Did that happen?,9,high,1.0,3,low,high,high,high,low,low,2.2,2.2,13.0694983,13.0694983,13.0694983,8.5,high
this is all so unreal,815,Have you ever woken up in a hospital bed with no memory of who you are?,This is all so unreal.,6,3,Did you really win the lottery?,This is all so unreal.,7,2,This is all so unreal.,7,high,3.0,5,medium,low,low,high,low,low,1.4,1.4,13.3433636,13.3433636,13.3433636,6.5,high
sorry for the delay,817,"I'm running late for our meeting, what's the hold up?",Sorry for the delay.,8,1,I'll be there in five minutes.,Sorry for the delay.,8,1,Sorry for the delay.,7,high,0.0,4,low,high,medium,high,high,medium,2.6,2.0,12.52191,12.52191,12.52191,8.0,high
had a great meeting,818,Did you get the proposal approved today?,Had a great meeting.,6,2,I heard you had some important discussions at the marketing team's strategy session.,Had a great meeting.,8,2,Had a great meeting.,7,high,1.0,4,low,low,low,high,low,low,1.4,1.0,13.4133792,13.4133792,13.4133792,7.0,high
send to me,821,can you send me the link to that article?,Send to me.,8,1,Can you remind me of the code to unlock my phone?,Send to me.,10,1,Send to me.,7,high,1.0,3,low,low,low,low,low,low,1.0,1.0,11.71924,11.71924,11.71924,9.0,high
i know trey and cam will be there,825,Have you confirmed the team's attendance at the party?,I know Trey and Cam will be there.,8,1,I heard Trey and Cam are organizing the event next week.,I know Trey and Cam will be there.,10,1,I know Trey and Cam will be there.,3,low,0.0,8,low,high,medium,high,low,medium,2.6,2.0,15.3716106,15.3716106,15.3716106,9.0,low
if possible id like to get amys opinion,827,Have you seen the new movie trailer?,"If possible, I'd like to get Amy's opinion.",5,2,Do you think we should invite Tom to the party?,"If possible, I'd like to get Amy's opinion.",8,2,"If possible, I'd like to get Amy's opinion.",2,low,4.0,8,low,low,low,high,low,low,1.4,1.0,18.3146393,18.3146393,18.3146393,6.5,low
aig has agreed capital call not due until monday,830,When do I expect the call from AIG regarding the capital investment?,AIG has agreed capital call not due until Monday.,8,2,Have you received the latest financial update from AIG?,AIG has agreed capital call not due until Monday.,8,2,AIG has agreed capital call not due until Monday.,2,low,5.0,9,low,medium,low,low,low,medium,1.8,1.4,16.788534499999997,16.788534499999997,16.788534499999997,8.0,low
have we assigned employees to netco,832,Have we finalized the project plan for NetCo?,Have we assigned employees to NetCo?,8,2,Let's check our current project assignments.,Have we assigned employees to NetCo?,8,2,Have we assigned employees to NetCo?,3,low,7.0,6,medium,high,medium,high,medium,low,2.2,2.4,18.01871125,18.01871125,18.01871125,8.0,low
hope all is well,838,How was your meeting with the CEO?,Hope all is well.,8,2,I've been thinking about our project plans lately.,Hope all is well.,10,2,Hope all is well.,7,high,0.0,4,low,medium,medium,high,low,low,1.8,1.6,12.0683351,12.0683351,12.0683351,9.0,high
i have a request,841,What's the meaning behind your latest tattoo?,I have a request.,4,3,Can you help me find the best Italian restaurant in town?,I have a request.,10,2,I have a request.,9,high,1.0,4,low,medium,medium,low,low,low,1.4,1.6,11.7417238,11.7417238,11.7417238,7.0,high
better than most recently,842,Are you looking forward to the weekend?,Better than most recently.,4,2,Have you tried the new Italian restaurant downtown?,Better than most recently.,7,2,Better than most recently.,8,high,8.0,4,low,low,low,high,low,low,1.4,1.0,13.623405900000002,13.623405900000002,13.623405900000002,5.5,high
what is this,847,I'm receiving strange signals from an unknown location on my radar,What is this?,4,3,I've found an old map in the attic,What is this?,8,2,What is this?,8,high,1.0,3,low,medium,low,high,low,low,1.8,1.4,11.6745797,11.6745797,11.6745797,6.0,high
travis is in charge,849,Did our boss assign the project to Travis?,Travis is in charge.,8,2,Who will be leading the project team?,Travis is in charge.,8,2,Travis is in charge.,8,high,0.0,4,medium,medium,low,low,high,medium,1.8,1.8,12.614750399999998,12.614750399999998,12.614750399999998,8.0,high
fyi i saw ken caminiti at animal kingdom yesterday,856,Have you ever seen Ken Caminiti at Animal Kingdom?,FYI I saw Ken Caminiti at Animal Kingdom yesterday!,9,1,Did you go to Animal Kingdom over the weekend?,FYI I saw Ken Caminiti at Animal Kingdom yesterday!,5,2,FYI I saw Ken Caminiti at Animal Kingdom yesterday!,2,low,6.0,9,low,high,low,high,low,medium,2.6,1.8,20.8924582,20.8924582,20.8924582,7.0,low
i dont know that i will be back monday,857,Are you going to make it back to the office on Monday?,I don't know that I will be back Monday.,6,2,Do you have plans for next week?,I don't know that I will be back Monday.,5,2,I don't know that I will be back Monday.,3,low,0.0,9,medium,high,medium,high,medium,high,3.0,2.4,15.770517600000002,15.770517600000002,15.770517600000002,5.5,low
are you in a good mood,866,I'm so excited for the concert tonight!,Are you in a good mood?,8,3,I've received good news today,Are you in a good mood?,10,2,Are you in a good mood?,7,high,2.0,6,medium,medium,medium,high,medium,high,2.6,2.0,13.6723729,13.6723729,13.6723729,9.0,high
thanks i will,873,Can you remind me what's for dinner tonight?,Thanks I will.,4,1,Have you finished preparing the presentation for tomorrow's meeting?,Thanks I will.,9,2,Thanks I will.,9,high,1.0,3,low,low,low,low,low,low,1.0,1.0,13.4830875,13.4830875,13.4830875,6.5,high
are you being a baby,877,"I'm so frustrated with my phone bill, I just got hit with a huge fine for missing a payment.",Are you being a baby?,8,2,I can't figure out how to use this app.,Are you being a baby?,6,2,Are you being a baby?,8,high,2.0,5,low,high,low,low,low,low,1.8,1.8,13.5074068,13.5074068,13.5074068,7.0,high
did you get this,878,I've been waiting for you at the coffee shop,Did you get this?,8,2,I've prepared a detailed presentation for our meeting tomorrow,Did you get this?,8,3,Did you get this?,8,high,0.0,4,medium,medium,medium,low,low,low,1.4,2.0,12.85237,12.85237,12.85237,8.0,high
she has the game tomorrow,885,What game does Sarah have scheduled for the weekend?,She has the game tomorrow.,8,1,Do you know when Emily's soccer team plays next?,She has the game tomorrow.,8,2,She has the game tomorrow.,7,high,3.0,5,medium,high,high,low,high,low,1.8,2.6,12.6068532,12.6068532,12.6068532,8.0,high
im on a plane,886,are you already at the airport?,I'm on a plane.,6,2,Do you know which city I'll be arriving at soon?,I'm on a plane.,5,2,I'm on a plane.,8,high,0.0,4,low,high,medium,high,low,medium,2.6,2.0,13.3497064,13.3497064,13.3497064,5.5,high
florida is great,887,Have you ever thought about visiting Miami during winter?,Florida is great.,6,2,Have you been to Florida recently and enjoyed it?,Florida is great.,8,1,Florida is great.,8,high,2.0,3,low,medium,low,medium,low,low,1.6,1.4,12.3387775,12.3387775,12.3387775,7.0,high
i sent it to her,888,did you send the file to your manager?,I sent it to her.,8,2,Did Bob receive the package from the post office?,I sent it to her.,5,2,I sent it to her.,9,high,2.0,5,low,high,low,high,low,medium,2.6,1.8,11.5538936,11.5538936,11.5538936,6.5,high
i will call,891,"I'll be late for our meeting, can we reschedule?",I will call.,4,1,Have you found my lost keys?,I will call.,8,2,I will call.,8,high,1.0,3,low,medium,low,high,low,low,1.8,1.4,11.2029983,11.2029983,11.2029983,6.0,high
on call with sp now,896,What's the status of our pending project?,On call with S&L now.,4,2,Have you checked the latest financial news from S&P?,On call with S&P now.,5,3,On call with S&P now.,9,high,2.0,5,low,medium,low,high,low,low,1.8,1.4,12.98663923,-1.0,12.98663923,4.5,high
im going to class,902,I'm running late for my 8am lecture,I'm going to class.,4,1,Do you have a class on physics today?,I'm going to class.,10,2,I'm going to class.,8,high,1.0,4,medium,medium,low,high,low,medium,2.2,1.8,13.6039195,13.6039195,13.6039195,7.0,high
see you on the third,903,When do you want to meet for dinner?,See you on the third.,7,2,Let's meet for lunch tomorrow at the usual place.,See you on the third.,10,1,See you on the third.,8,high,2.0,5,low,low,low,high,low,low,1.4,1.0,12.1344442,12.1344442,12.1344442,8.5,high
diane has info from littler on its proposed training,905,What are the details of Littler's proposed training for Diane?,Diane has info from Littler on its proposed training.,8,3,Have you received any updates from Littler about their upcoming training sessions?,Diane has info from Littler on its proposed training.,5,2,Diane has info from Littler on its proposed training.,3,low,7.0,9,medium,medium,medium,low,medium,low,1.4,2.0,18.0500801,18.0500801,18.0500801,6.5,low
youre right  typo,911,are you free for dinner tonight?,You're right - typo,4,2,I see you misspelled 'definitely' as 'deffinitely' in your last email.,You're right - typo.,10,1,You're right - typo,2,low,1.0,4,medium,high,low,low,high,low,1.8,2.2,16.8923,16.5956553,16.743977649999998,7.0,low
go for the dollars,918,Is the company going to give us a bonus?,Go for the dollars.,8,3,The stock market just hit an all-time high. What should we do?,Go for the dollars.,10,2,Go for the dollars.,7,high,1.0,4,medium,low,medium,low,low,low,1.0,1.6,12.2418449,12.2418449,12.2418449,9.0,high
she was leaving omaha for houston at 400,921,When did the flight leave?,She was leaving Omaha for Houston at 4:00.,6,2,Have you heard about the woman's flight plans?,She was leaving Omaha for Houston at 4:00.,5,1,She was leaving Omaha for Houston at 4:00.,0,low,4.0,8,low,high,medium,high,high,high,3.0,2.0,16.9412289,16.9412289,16.9412289,5.5,low
i have a doctors appointment for 1100 on tuesday,926,Are you free on Tuesday?,I have a doctor's appointment for 11:00 on Tuesday.,6,3,Do you have any important appointments coming up?,I have a doctor's appointment for 11:00 on Tuesday.,8,2,I have a doctor's appointment for 11:00 on Tuesday.,1,low,5.0,9,low,high,medium,high,high,high,3.0,2.0,16.761976699999998,16.761976699999998,16.761976699999998,7.0,low
do you need to be there,927,I'm thinking of skipping the meeting today,Do you need to be there?,6,2,I need to check the sales figures for next quarter.,Do you need to be there?,8,2,Do you need to be there?,7,high,0.0,6,medium,high,medium,high,low,medium,2.6,2.4,13.3845992,13.3845992,13.3845992,7.0,high
is that ok,931,can I change the meeting time to 2pm?,Is that OK?,8,2,Can we meet at the usual place tomorrow?,Is that OK?,10,1,Is that OK?,9,high,1.0,3,medium,high,medium,high,high,high,3.0,2.4,12.50419,12.50419,12.50419,9.0,high
jan has a lot of detail,935,Jan's presentation is quite intricate.,Jan has a lot of detail.,8,3,I heard Jan prepared an intricate presentation on climate change.,Jan has a lot of detail.,8,2,Jan has a lot of detail.,8,high,2.0,6,medium,high,low,high,low,medium,2.6,2.2,13.3205676,13.3205676,13.3205676,8.0,high
what do you think,938,Did you know that I won the lottery last night?,What do you think?,8,3,Do you believe the weather will improve tomorrow?,What do you think?,10,2,What do you think?,10,high,0.0,4,low,medium,medium,low,low,low,1.4,1.6,13.0180067,13.0180067,13.0180067,9.0,high
she is taking over global finance legal,943,Did you know that the world's finance systems are in chaos?,She is taking over Global Finance Legal.,4,2,Rumors have it that a new financial regulatory body is being formed.,She is taking over Global Finance Legal.,5,2,She is taking over Global Finance Legal.,3,low,3.0,7,medium,medium,medium,low,low,low,1.4,2.0,16.1656605,16.1656605,16.1656605,4.5,low
just sitting around,947,are you still watching Netflix?,Just sitting around.,8,1,"Hey, do you want to come over and help me with this project?",Just sitting around.,0,3,Just sitting around.,8,high,1.0,3,low,low,low,high,low,low,1.4,1.0,13.4169045,13.4169045,13.4169045,4.0,high
are you there,956,Are you sure about the meeting today?,Are you there?,8,1,Can you help me find the recipe for your famous chocolate cake?,Are you there?,10,2,Are you there?,10,high,1.0,3,low,low,low,low,low,low,1.0,1.0,13.0610245,13.0610245,13.0610245,9.0,high
im out of office till wednesday,961,can you help me with the Johnson report?,I'm out of office till Wednesday.,4,3,I need to discuss the project proposal with you urgently.,I'm out of office till Wednesday.,7,3,I'm out of office till Wednesday.,2,low,2.0,6,low,low,low,low,low,low,1.0,1.0,15.6850829,15.6850829,15.6850829,5.5,low
danny i recommended on monday we cancel it,965,Did we confirm the meeting for Friday?,Danny I recommended on Monday we cancel it.,8,2,I'm sorry to say that I think the project will incur unexpected costs.,Danny I recommended on Monday we cancel it.,5,2,Danny I recommended on Monday we cancel it.,2,low,4.0,8,medium,low,low,high,medium,low,1.4,1.4,16.5066713,16.5066713,16.5066713,6.5,low
it was very nice,970,I just got back from the conference and I had an amazing time!,It was very nice.,6,1,Have you tried the new Italian restaurant downtown?,It was very nice.,8,2,It was very nice.,7,high,0.0,4,low,medium,medium,high,low,low,1.8,1.6,11.9799051,11.9799051,11.9799051,7.0,high
if so what was it,974,what was the best book you read last year?,If so what was it?,8,1,I saw an interesting article about artificial intelligence.,If so what was it about?,7,2,If so what was it?,9,high,2.0,5,medium,medium,medium,low,medium,low,1.4,2.0,-1.0,12.003063399999998,12.003063399999998,7.5,high
in isolation all of these things are trivial,981,Is the meaning of life really just to be happy?,"In isolation, all of these things are trivial.",7,3,The stock market prices have reached an all-time high.,"In isolation, all of these things are trivial.",5,2,"In isolation, all of these things are trivial.",3,low,4.0,8,low,low,low,high,low,low,1.4,1.0,16.421475299999997,16.421475299999997,16.421475299999997,6.0,low
the troops just walked in,983,Have the enemy forces been sighted?,The troops just walked in.,8,3,I see the enemy troops approaching our position.,The troops just walked in.,5,3,The troops just walked in.,7,high,2.0,5,low,low,low,high,low,medium,1.8,1.0,13.0877942,13.0877942,13.0877942,6.5,high
this seems fine to me,989,can we reschedule the meeting for tomorrow?,This seems fine to me.,4,1,The new marketing strategy proposal looks good to me.,This seems fine to me.,10,1,This seems fine to me.,8,high,2.0,5,low,high,high,high,low,medium,2.6,2.2,12.5986082,12.5986082,12.5986082,7.0,high
man i dont want to get sick again,991,I think I'm coming down with something and I don't want to get infected again,Man I don't want to get sick again.,6,2,Have you been feeling ill lately?,Man I don't want to get sick again.,8,2,Man I don't want to get sick again.,3,low,0.0,8,medium,high,medium,high,low,medium,2.6,2.4,16.031870599999998,16.031870599999998,16.031870599999998,7.0,low
seemed fine when i picked him up,992,How was the dog's behavior during your morning walk?,Seemed fine when I picked him up.,8,1,I heard the dog whining before I left the house this morning.,Seemed fine when I picked him up.,5,2,Seemed fine when I picked him up.,3,low,3.0,7,low,low,low,medium,low,medium,1.6,1.0,15.8076669,15.8076669,15.8076669,6.5,low
are you back in town,995,"I just landed in New York, I'm exhausted from the long flight",Are you back in town?,6,3,I saw your car at the airport today.,Are you back in town?,8,2,Are you back in town?,7,high,2.0,5,medium,high,medium,low,medium,high,2.6,2.4,13.2751082,13.2751082,13.2751082,7.0,high
check and find out form,999,can you confirm your availability for the meeting tomorrow?,Check and find out from my calendar.,8,2,The stock price of Apple Inc. has been dropping lately. What could be the reason?,Check and find out form?,8,2,Check and find out form?,8,high,0.0,5,low,low,low,low,low,low,1.0,1.0,13.68103,-1.0,13.68103,8.0,high
this is the crew,1001,Is that the crew you're referring to in your presentation?,This is the crew.,8,1,Who is on the helicopter team?,This is the crew.,10,2,This is the crew.,7,high,-3.0,4,low,high,medium,low,low,medium,2.2,2.0,10.9464151,10.9464151,10.9464151,9.0,high
what a pain,1004,I just spilled coffee all over my shirt,What a pain.,6,2,I spilled coffee on my laptop,What a pain.,9,2,What a pain.,8,high,1.0,3,medium,medium,medium,low,low,low,1.4,2.0,11.5538083,11.5538083,11.5538083,7.5,high
i like it,1008,I'm thinking of going to the beach tomorrow.,I like it.,8,1,Have you read F. Scott Fitzgerald's The Great Gatsby?,I like it.,10,2,I like it.,8,high,1.0,3,medium,low,medium,low,low,low,1.0,1.6,10.1694697,10.1694697,10.1694697,9.0,high
san francisco was interconnect meeting,1009,What did you learn from the Interconnect meeting?,San Francisco was Interconnect meeting.,9,3,Did you attend the tech conference in California last week?,San Francisco was Interconnect meeting.,5,3,San Francisco was Interconnect meeting.,3,low,18.0,5,low,low,medium,high,low,low,1.4,1.2,16.75423,16.75423,16.75423,7.0,low
about 15 minutes,1010,I'll be arriving at the airport in,About 15 minutes.,8,2,How long will it take you to get there?,About 15 minutes.,9,2,About 15 minutes.,7,high,1.0,3,low,high,medium,high,high,low,2.2,2.0,13.50365,13.50365,13.50365,8.5,high
i have 30 minutes then,1012,Are you available to meet today?,I have 30 minutes then.,5,1,Can we discuss the presentation details for next week?,I have 30 minutes then.,9,2,I have 30 minutes then.,8,high,2.0,5,low,high,medium,high,medium,low,2.2,2.0,13.2775303,13.2775303,13.2775303,7.0,high
what are the units,1015,What is the average speed of a commercial airliner?,What are the units?,5,3,I'm converting 30 degrees Celsius to Fahrenheit.,What are the units?,7,1,What are the units?,7,high,-2.0,4,low,low,low,low,low,medium,1.4,1.0,12.8733929,12.8733929,12.8733929,6.0,high
who should i contact regarding severance,1021,I've been laid off due to company restructuring.,Who should I contact regarding severance?,8,3,I've been let go from my job and need to know about my severance package.,Who should I contact regarding severance?,10,1,Who should I contact regarding severance?,3,low,8.0,6,low,high,medium,high,low,medium,2.6,2.0,18.65394465,18.65394465,18.65394465,9.0,low
check with vince strohmeyer,1022,Can you confirm the meeting with Vince Strohmeyer for tomorrow?,Check with Vince Strohmeyer.,8,2,I need the latest report on sales figures for Q3.,Check with Vince Strohmeyer.,7,2,Check with Vince Strohmeyer.,2,low,12.0,4,medium,medium,low,low,low,low,1.4,1.8,18.8781644,18.8781644,18.8781644,7.5,low
i would agree,1023,the company's decision to downsize has affected our team's morale,I would agree.,6,2,Do you think the weather will be nice tomorrow?,I would agree.,10,1,I would agree.,7,high,1.0,3,low,medium,medium,high,low,medium,2.2,1.6,11.9096775,11.9096775,11.9096775,8.0,high
i can get them,1026,can you pick up some groceries for me?,I can get them.,8,2,Do you have any fresh tomatoes at the market?,I can get them.,9,1,I can get them.,7,high,0.0,4,low,medium,low,low,low,medium,1.8,1.4,11.1696651,11.1696651,11.1696651,8.5,high
still tied up,1035,"I'm waiting for an update on the meeting, have you heard anything?",Still tied up.,5,2,Have you finished the project?,Still tied up.,8,2,Still tied up.,7,high,1.0,3,medium,low,low,low,low,low,1.0,1.4,13.1493,13.1493,13.1493,6.5,high
then they should go home,1039,why did John get into trouble?,Then they should go home.,5,1,"It's raining heavily outside, they should consider staying indoors.",Then they should go home.,8,1,Then they should go home.,7,high,2.0,5,low,low,low,high,medium,low,1.4,1.0,12.851597599999998,12.851597599999998,12.851597599999998,6.5,high
not at this time,1046,are you available for lunch today?,Not at this time.,6,2,Do you have some free time to help me with a project?,Not at this time.,8,2,Not at this time.,8,high,0.0,4,low,low,low,low,high,high,1.8,1.0,11.2433651,11.2433651,11.2433651,7.0,high
im on the 6th floor of the new building,1051,Where are you now?,I'm on the 6th floor of the new building.,8,3,Have you reached the new IT department yet?,I'm on the 6th floor of the new building.,8,1,I'm on the 6th floor of the new building.,3,low,1.0,9,low,high,medium,medium,low,high,2.8,2.0,16.3220923,16.3220923,16.3220923,8.0,low
ill give you my handwritten notes,1053,can you provide me with your lecture notes?,I'll give you my handwritten notes.,7,2,Have you taken thorough notes during our last team meeting?,I'll give you my handwritten notes.,8,2,I'll give you my handwritten notes.,2,low,3.0,6,low,high,medium,high,low,medium,2.6,2.0,16.725184,16.725184,16.725184,7.5,low
we will get you a copy,1067,can you send me a copy of the contract?,We will get you a copy.,8,2,I need a copy of the contract for next week's meeting.,We will get you a copy.,10,2,We will get you a copy.,8,high,0.0,6,low,high,medium,medium,low,medium,2.4,2.0,13.1540229,13.1540229,13.1540229,9.0,high
you are welcome in palacios this weekend of course,1068,I've got an invitation to Palacios this weekend. Should I take it?,"You are welcome in Palacios this weekend, of course.",8,3,I'd love to visit Palacios over the weekend. Can I come?,"You are welcome in Palacios this weekend, of course.",10,1,"You are welcome in Palacios this weekend, of course.",3,low,4.0,9,low,low,low,high,medium,low,1.4,1.0,16.9536729,16.9536729,16.9536729,9.0,low
we had a vp prc meeting thursday,1078,Did the VP approve our proposal last week?,We had a VP PRC meeting Thursday.,8,1,Did you discuss business strategies with the VP during last week's PRC meeting?,We had a VP PRC meeting Thursday.,5,2,We had a VP PRC meeting Thursday.,3,low,3.0,7,low,medium,low,low,low,low,1.4,1.4,16.3255592,16.3255592,16.3255592,6.5,low
here is the message,1083,what's the best way to reach you?,Here is the message.,6,2,Have you received the package from New York?,Here is the message.,5,2,Here is the message.,7,high,1.0,4,low,high,medium,high,low,low,2.2,2.0,11.9979704,11.9979704,11.9979704,5.5,high
we dont want to look bad to dyn,1084,Are we going to make it to the meeting on time?,We don't want to look bad to Dyn.,6,2,Our team's presentation at Dyn's conference is coming up. What should we wear?,We don't want to look bad to Dyn.,8,1,We don't want to look bad to Dyn.,3,low,-2.0,8,medium,medium,low,high,low,low,1.8,1.8,17.45898519,17.45898519,17.45898519,7.0,low
call me at 8328652445,1086,Can I reach you on your phone?,Call me at 832.865.2445.,8,2,I've found some important information regarding our project.,Call me at 832.865.2445.,7,2,Call me at 832.865.2445.,1,low,0.0,4,low,high,medium,high,low,high,3.0,2.0,18.9520702,18.9520702,18.9520702,7.5,low
talk to you soon,1087,When are you free to meet up?,Talk to you soon.,6,1,Have we scheduled our next meeting?,Talk to you soon.,8,2,Talk to you soon.,7,high,0.0,4,low,low,low,low,low,low,1.0,1.0,12.1007451,12.1007451,12.1007451,7.0,high
it may be an hour,1089,Are we going to make the meeting on time?,It may be an hour.,4,2,Have you finished preparing the report for tomorrow's meeting?,It may be an hour.,7,2,It may be an hour.,7,high,2.0,5,low,medium,medium,medium,low,low,1.6,1.6,12.1147616,12.1147616,12.1147616,5.5,high
were on the way,1092,"We're running late for our flight, are we going to make it?",We're on the way.,6,1,"We're meeting at the usual place today, right?",We're on the way.,10,1,We're on the way.,8,high,0.0,4,low,high,medium,medium,low,low,2.0,2.0,11.13640923,11.13640923,11.13640923,8.0,high
hope your week is going well,1093,Did you have a relaxing weekend?,Hope your week is going well.,7,2,I've been struggling with my project deadline.,Hope your week is going well.,8,3,Hope your week is going well.,8,high,1.0,6,low,high,low,high,low,low,2.2,1.8,13.5849205,13.5849205,13.5849205,7.5,high
what is the purpose of this,1101,I'm feeling anxious about my upcoming exam.,What is the purpose of this?,6,1,I've found an old map in the attic,What is the purpose of this?,7,2,What is the purpose of this?,8,high,0.0,6,low,high,low,high,low,low,2.2,1.8,13.0473271,13.0473271,13.0473271,6.5,high
no can do,1106,can you meet me at the office tomorrow?,No can do.,4,1,Can you bring the blue folder from the office safe?,No can do.,6,2,No can do.,9,high,1.0,3,low,low,low,low,low,low,1.0,1.0,11.2454915,11.2454915,11.2454915,5.0,high
nice weather for it,1108,I'm loving the sunshine today,Nice weather for it.,8,1,Let's go on a hot air balloon ride today.,Nice weather for it.,7,1,Nice weather for it.,10,high,1.0,4,medium,high,high,high,medium,high,3.0,2.6,12.9794153,12.9794153,12.9794153,7.5,high
see you later,1121,Can we meet up later today?,See you later.,8,1,"I'll bring the potatoes for dinner, what should I also get from the store?",See you later.,8,2,See you later.,7,high,1.0,3,low,low,low,high,low,medium,1.8,1.0,12.5018545,11.574383,12.038118749999999,8.0,high
see you later,1121,Can we meet up later today?,See you later.,8,1,"I'll bring the potatoes for dinner, what should I also get from the store?",See you later.,8,2,See you later.,7,high,1.0,3,low,low,low,high,low,medium,1.8,1.0,12.5018545,12.5018545,12.5018545,8.0,high
hang in there guys,1126,will we make it to the deadline?,Hang in there guys.,8,2,The market has experienced a significant downturn today.,Hang in there guys.,8,2,Hang in there guys.,8,high,-2.0,4,low,low,low,low,low,medium,1.4,1.0,12.8592729,12.8592729,12.8592729,8.0,high
works for me,1127,can you hear me now?,Works for me.,6,2,Do you prefer coffee or tea for your morning beverage?,Works for me.,10,1,Works for me.,8,high,1.0,3,low,low,low,low,low,medium,1.4,1.0,12.013053,12.013053,12.013053,8.0,high
thanks  thats what i was hoping it was,1128,Is the concert tonight at 7pm?,Thanks - that's what I was hoping it was.,6,2,Is the red mark on your arm a mole or a bruise?,"It's just a bruise, thanks - that's what I was hoping it was.",8,1,Thanks - that's what I was hoping it was.,2,low,2.0,9,low,high,medium,low,low,low,1.8,2.0,-1.0,17.071478499999998,17.071478499999998,7.0,low
will that work,1143,Can we meet at the park on Saturday?,Will that work?,8,1,I'd like to use lemon juice as a natural cleaner for my kitchen counters. What do you think?,Will that work?,8,2,Will that work?,9,high,1.0,3,medium,high,medium,low,low,medium,2.2,2.4,11.7867015,11.7867015,11.7867015,8.0,high
yes still need it  when are you back,1148,"I'm still looking for the USB drive, did you bring it?",Yes still need it - when are you back?,6,2,I forgot my phone at home and I need to make some important calls today.,Yes still need it - when are you back?,10,2,Yes still need it - when are you back?,2,low,0.0,9,low,high,medium,high,low,low,2.2,2.0,16.0101912,16.0101912,16.0101912,8.0,low
on mahonia margining i spoke with mike garberding,1152,Can you confirm the meeting with Mike Garberding?,"On Mahonia margining, I spoke with Mike Garberding.",7,3,Have you read the latest research on plant species in the Marginalia forest?,"On Mahonia margining, I spoke with Mike Garberding.",2,3,"On Mahonia margining, I spoke with Mike Garberding.",1,low,9.0,8,low,high,low,low,low,medium,2.2,1.8,21.3392381,21.3392381,21.3392381,4.5,low
will you come get me,1153,I'm stuck on the side of the road with a flat tire,Will you come get me?,8,2,"I forgot my keys at home, can you bring them to me?",Will you come get me?,10,2,Will you come get me?,8,high,2.0,5,low,high,medium,high,low,medium,2.6,2.0,13.165824269999998,13.165824269999998,13.165824269999998,9.0,high
i will conference in for thursdays customer service meeting,1154,Can you join the Thursday customer service meeting?,I will conference in for Thursday's customer service meeting.,8,1,Let's schedule the customer service meeting for next week.,I will conference in for Thursday's customer service meeting.,10,1,I will conference in for Thursday's customer service meeting.,3,low,8.0,9,medium,high,medium,high,high,high,3.0,2.4,17.2391376,17.2391376,17.2391376,9.0,low
